Sample_date,Station,Copies_per_mL,Seven_day_avg
2020-03-01,Southern,NA,NA
2020-03-01,Northern,NA,NA
2020-03-02,Southern,NA,NA
2020-03-02,Northern,NA,NA
2020-03-03,Southern,NA,NA
2020-03-03,Northern,NA,NA
2020-03-04,Southern,NA,NA
2020-03-04,Northern,NA,NA
2020-03-05,Southern,NA,NA
2020-03-05,Northern,NA,NA
2020-03-06,Southern,NA,NA
2020-03-06,Northern,NA,NA
2020-03-07,Southern,NA,NA
2020-03-07,Northern,NA,NA
2020-03-08,Southern,NA,NA
2020-03-08,Northern,NA,NA
2020-03-09,Southern,NA,NA
2020-03-09,Northern,29,NA
2020-03-10,Southern,38,NA
2020-03-10,Northern,15,21
2020-03-11,Southern,31,34
2020-03-11,Northern,65,31
2020-03-12,Southern,25,31
2020-03-12,Northern,36,32
2020-03-13,Southern,NA,31
2020-03-13,Northern,NA,32
2020-03-14,Southern,16,26
2020-03-14,Northern,27,31
2020-03-15,Southern,39,28
2020-03-15,Northern,53,34
2020-03-16,Southern,33,29
2020-03-16,Northern,23,32
2020-03-17,Southern,106,35
2020-03-17,Northern,78,43
2020-03-18,Southern,65,39
2020-03-18,Northern,45,40
2020-03-19,Southern,19,37
2020-03-19,Northern,49,42
2020-03-20,Southern,NA,37
2020-03-20,Northern,NA,42
2020-03-21,Southern,NA,44
2020-03-21,Northern,NA,46
2020-03-22,Southern,NA,45
2020-03-22,Northern,NA,45
2020-03-23,Southern,146,66
2020-03-23,Northern,380,90
2020-03-24,Southern,NA,56
2020-03-24,Northern,321,129
2020-03-25,Southern,30,43
2020-03-25,Northern,228,192
2020-03-26,Southern,370,117
2020-03-26,Northern,39,182
2020-03-27,Southern,34,86
2020-03-27,Northern,299,201
2020-03-28,Southern,NA,86
2020-03-28,Northern,NA,201
2020-03-29,Southern,NA,86
2020-03-29,Northern,NA,201
2020-03-30,Southern,46,64
2020-03-30,Northern,219,180
2020-03-31,Southern,NA,64
2020-03-31,Northern,NA,155
2020-04-01,Southern,143,95
2020-04-01,Northern,475,187
2020-04-02,Southern,NA,61
2020-04-02,Northern,NA,315
2020-04-03,Southern,233,116
2020-04-03,Northern,438,357
2020-04-04,Southern,NA,116
2020-04-04,Northern,NA,357
2020-04-05,Southern,NA,116
2020-04-05,Northern,NA,357
2020-04-06,Southern,NA,182
2020-04-06,Northern,NA,456
2020-04-07,Southern,310,218
2020-04-07,Northern,562,489
2020-04-08,Southern,NA,269
2020-04-08,Northern,NA,496
2020-04-09,Southern,501,331
2020-04-09,Northern,784,578
2020-04-10,Southern,NA,394
2020-04-10,Northern,NA,664
2020-04-11,Southern,NA,394
2020-04-11,Northern,NA,664
2020-04-12,Southern,NA,394
2020-04-12,Northern,NA,664
2020-04-13,Southern,NA,394
2020-04-13,Northern,NA,664
2020-04-14,Southern,389,441
2020-04-14,Northern,702,742
2020-04-15,Southern,NA,441
2020-04-15,Northern,NA,742
2020-04-16,Southern,138,232
2020-04-16,Northern,321,474
2020-04-17,Southern,164,206
2020-04-17,Northern,360,433
2020-04-18,Southern,NA,206
2020-04-18,Northern,NA,433
2020-04-19,Southern,NA,206
2020-04-19,Northern,NA,433
2020-04-20,Southern,NA,206
2020-04-20,Northern,NA,433
2020-04-21,Southern,NA,150
2020-04-21,Northern,NA,340
2020-04-22,Southern,220,171
2020-04-22,Northern,541,397
2020-04-23,Southern,179,186
2020-04-23,Northern,283,381
2020-04-24,Southern,NA,199
2020-04-24,Northern,NA,391
2020-04-25,Southern,NA,199
2020-04-25,Northern,NA,391
2020-04-26,Southern,NA,199
2020-04-26,Northern,NA,391
2020-04-27,Southern,130,173
2020-04-27,Northern,NA,391
2020-04-28,Southern,97,149
2020-04-28,Northern,293,355
2020-04-29,Southern,NA,131
2020-04-29,Northern,NA,288
2020-04-30,Southern,NA,112
2020-04-30,Northern,NA,293
2020-05-01,Southern,NA,112
2020-05-01,Northern,NA,293
2020-05-02,Southern,NA,112
2020-05-02,Northern,NA,293
2020-05-03,Southern,209,138
2020-05-03,Northern,93,165
2020-05-04,Southern,NA,142
2020-05-04,Northern,NA,165
2020-05-05,Southern,97,142
2020-05-05,Northern,94,94
2020-05-06,Southern,5,47
2020-05-06,Northern,22,58
2020-05-07,Southern,NA,47
2020-05-07,Northern,NA,58
2020-05-08,Southern,NA,47
2020-05-08,Northern,NA,58
2020-05-09,Southern,NA,47
2020-05-09,Northern,NA,58
2020-05-10,Southern,NA,22
2020-05-10,Northern,NA,46
2020-05-11,Southern,164,43
2020-05-11,Northern,NA,46
2020-05-12,Southern,NA,29
2020-05-12,Northern,NA,22
2020-05-13,Southern,NA,NA
2020-05-13,Northern,NA,NA
2020-05-14,Southern,NA,NA
2020-05-14,Northern,NA,NA
2020-05-15,Southern,NA,NA
2020-05-15,Northern,NA,NA
2020-05-16,Southern,NA,NA
2020-05-16,Northern,NA,NA
2020-05-17,Southern,NA,NA
2020-05-17,Northern,NA,NA
2020-05-18,Southern,NA,NA
2020-05-18,Northern,NA,NA
2020-05-19,Southern,NA,NA
2020-05-19,Northern,NA,NA
2020-05-20,Southern,NA,NA
2020-05-20,Northern,NA,NA
2020-05-21,Southern,82,NA
2020-05-21,Northern,42,NA
2020-05-22,Southern,426,NA
2020-05-22,Northern,244,NA
2020-05-23,Southern,77,NA
2020-05-23,Northern,69,NA
2020-05-24,Southern,79,121
2020-05-24,Northern,52,78
2020-05-25,Southern,66,107
2020-05-25,Northern,42,69
2020-05-26,Southern,97,105
2020-05-26,Northern,38,62
2020-05-27,Southern,197,115
2020-05-27,Northern,81,65
2020-05-28,Southern,50,107
2020-05-28,Northern,35,63
2020-05-29,Southern,28,73
2020-05-29,Northern,49,50
2020-05-30,Southern,66,71
2020-05-30,Northern,NA,47
2020-05-31,Southern,79,71
2020-05-31,Northern,37,45
2020-06-01,Southern,82,73
2020-06-01,Northern,60,48
2020-06-02,Southern,194,81
2020-06-02,Northern,95,55
2020-06-03,Southern,35,63
2020-06-03,Northern,40,49
2020-06-04,Southern,47,63
2020-06-04,Northern,32,49
2020-06-05,Southern,44,67
2020-06-05,Northern,45,48
2020-06-06,Southern,19,56
2020-06-06,Northern,46,48
2020-06-07,Southern,24,47
2020-06-07,Northern,27,45
2020-06-08,Southern,26,40
2020-06-08,Northern,19,39
2020-06-09,Southern,52,33
2020-06-09,Northern,167,42
2020-06-10,Southern,75,37
2020-06-10,Northern,68,45
2020-06-11,Southern,40,36
2020-06-11,Northern,134,56
2020-06-12,Southern,45,36
2020-06-12,Northern,78,60
2020-06-13,Southern,77,44
2020-06-13,Northern,180,73
2020-06-14,Southern,36,47
2020-06-14,Northern,NA,86
2020-06-15,Southern,38,50
2020-06-15,Northern,141,120
2020-06-16,Southern,60,51
2020-06-16,Northern,118,113
2020-06-17,Southern,19,42
2020-06-17,Northern,13,86
2020-06-18,Southern,16,37
2020-06-18,Northern,21,63
2020-06-19,Southern,11,30
2020-06-19,Northern,37,56
2020-06-20,Southern,12,23
2020-06-20,Northern,25,40
2020-06-21,Southern,22,21
2020-06-21,Northern,26,38
2020-06-22,Southern,24,20
2020-06-22,Northern,NA,30
2020-06-23,Southern,16,17
2020-06-23,Northern,22,23
2020-06-24,Southern,5,14
2020-06-24,Northern,10,22
2020-06-25,Southern,9,12
2020-06-25,Northern,16,21
2020-06-26,Southern,9,12
2020-06-26,Northern,11,17
2020-06-27,Southern,20,13
2020-06-27,Northern,15,16
2020-06-28,Southern,8,11
2020-06-28,Northern,19,15
2020-06-29,Southern,20,11
2020-06-29,Northern,15,15
2020-06-30,Southern,12,11
2020-06-30,Northern,22,15
2020-07-01,Southern,15,12
2020-07-01,Northern,27,17
2020-07-02,Southern,52,16
2020-07-02,Northern,29,19
2020-07-03,Southern,20,18
2020-07-03,Northern,43,23
2020-07-04,Southern,35,19
2020-07-04,Northern,15,23
2020-07-05,Southern,11,20
2020-07-05,Northern,13,21
2020-07-06,Southern,17,20
2020-07-06,Northern,34,24
2020-07-07,Southern,24,22
2020-07-07,Northern,37,26
2020-07-08,Southern,14,22
2020-07-08,Northern,30,26
2020-07-09,Southern,27,20
2020-07-09,Northern,21,25
2020-07-10,Southern,9,18
2020-07-10,Northern,36,24
2020-07-11,Southern,24,17
2020-07-11,Northern,21,26
2020-07-12,Southern,27,19
2020-07-12,Northern,46,31
2020-07-13,Southern,25,20
2020-07-13,Northern,32,31
2020-07-14,Southern,17,19
2020-07-14,Northern,32,30
2020-07-15,Southern,35,22
2020-07-15,Northern,30,30
2020-07-16,Southern,23,21
2020-07-16,Northern,25,31
2020-07-17,Southern,22,24
2020-07-17,Northern,43,32
2020-07-18,Southern,42,26
2020-07-18,Northern,26,32
2020-07-19,Southern,23,26
2020-07-19,Northern,14,27
2020-07-20,Southern,31,27
2020-07-20,Northern,20,26
2020-07-21,Southern,12,25
2020-07-21,Northern,17,24
2020-07-22,Southern,35,25
2020-07-22,Northern,28,23
2020-07-23,Southern,15,24
2020-07-23,Northern,23,23
2020-07-24,Southern,26,24
2020-07-24,Northern,57,24
2020-07-25,Southern,24,22
2020-07-25,Northern,41,26
2020-07-26,Southern,14,21
2020-07-26,Northern,33,29
2020-07-27,Southern,28,20
2020-07-27,Northern,31,31
2020-07-28,Southern,NA,22
2020-07-28,Northern,NA,34
2020-07-29,Southern,30,22
2020-07-29,Northern,24,33
2020-07-30,Southern,NA,24
2020-07-30,Northern,NA,35
2020-07-31,Southern,29,24
2020-07-31,Northern,81,38
2020-08-01,Southern,NA,24
2020-08-01,Northern,NA,37
2020-08-02,Southern,NA,29
2020-08-02,Northern,NA,39
2020-08-03,Southern,109,46
2020-08-03,Northern,109,59
2020-08-04,Southern,74,51
2020-08-04,Northern,47,56
2020-08-05,Southern,101,70
2020-08-05,Northern,43,65
2020-08-06,Southern,27,57
2020-08-06,Northern,48,61
2020-08-07,Southern,18,52
2020-08-07,Northern,41,53
2020-08-08,Southern,NA,52
2020-08-08,Northern,NA,53
2020-08-09,Southern,NA,52
2020-08-09,Northern,NA,53
2020-08-10,Southern,42,43
2020-08-10,Northern,62,48
2020-08-11,Southern,NA,38
2020-08-11,Northern,NA,48
2020-08-12,Southern,27,27
2020-08-12,Northern,57,52
2020-08-13,Southern,NA,27
2020-08-13,Northern,NA,53
2020-08-14,Southern,18,27
2020-08-14,Northern,45,55
2020-08-15,Southern,NA,27
2020-08-15,Northern,NA,55
2020-08-16,Southern,NA,27
2020-08-16,Northern,NA,55
2020-08-17,Southern,24,23
2020-08-17,Northern,44,48
2020-08-18,Southern,NA,23
2020-08-18,Northern,NA,48
2020-08-19,Southern,50,28
2020-08-19,Northern,87,56
2020-08-20,Southern,NA,28
2020-08-20,Northern,NA,56
2020-08-21,Southern,35,35
2020-08-21,Northern,60,61
2020-08-22,Southern,NA,35
2020-08-22,Northern,NA,61
2020-08-23,Southern,NA,35
2020-08-23,Northern,NA,61
2020-08-24,Southern,21,33
2020-08-24,Northern,38,58
2020-08-25,Southern,NA,33
2020-08-25,Northern,NA,58
2020-08-26,Southern,31,28
2020-08-26,Northern,48,48
2020-08-27,Southern,NA,28
2020-08-27,Northern,NA,48
2020-08-28,Southern,38,29
2020-08-28,Northern,60,48
2020-08-29,Southern,NA,29
2020-08-29,Northern,NA,48
2020-08-30,Southern,NA,29
2020-08-30,Northern,NA,48
2020-08-31,Southern,47,38
2020-08-31,Northern,61,56
2020-09-01,Southern,NA,38
2020-09-01,Northern,NA,56
2020-09-02,Southern,54,46
2020-09-02,Northern,144,81
2020-09-03,Southern,NA,46
2020-09-03,Northern,NA,81
2020-09-04,Southern,52,51
2020-09-04,Northern,138,107
2020-09-05,Southern,NA,51
2020-09-05,Northern,NA,107
2020-09-06,Southern,NA,51
2020-09-06,Northern,NA,107
2020-09-07,Southern,65,57
2020-09-07,Northern,59,105
2020-09-08,Southern,NA,57
2020-09-08,Northern,NA,105
2020-09-09,Southern,71,62
2020-09-09,Northern,46,72
2020-09-10,Southern,38,55
2020-09-10,Northern,59,69
2020-09-11,Southern,52,55
2020-09-11,Northern,46,52
2020-09-12,Southern,19,44
2020-09-12,Northern,51,52
2020-09-13,Southern,25,40
2020-09-13,Northern,44,51
2020-09-14,Southern,27,35
2020-09-14,Northern,49,49
2020-09-15,Southern,70,38
2020-09-15,Northern,45,48
2020-09-16,Southern,68,38
2020-09-16,Northern,48,49
2020-09-17,Southern,36,38
2020-09-17,Northern,54,48
2020-09-18,Southern,45,37
2020-09-18,Northern,75,51
2020-09-19,Southern,53,43
2020-09-19,Northern,31,48
2020-09-20,Southern,85,51
2020-09-20,Northern,32,46
2020-09-21,Southern,61,58
2020-09-21,Northern,24,41
2020-09-22,Southern,41,53
2020-09-22,Northern,44,41
2020-09-23,Southern,46,51
2020-09-23,Northern,41,40
2020-09-24,Southern,46,52
2020-09-24,Northern,31,37
2020-09-25,Southern,60,55
2020-09-25,Northern,34,33
2020-09-26,Southern,NA,55
2020-09-26,Northern,NA,34
2020-09-27,Southern,NA,50
2020-09-27,Northern,NA,34
2020-09-28,Southern,46,47
2020-09-28,Northern,43,38
2020-09-29,Southern,NA,49
2020-09-29,Northern,NA,37
2020-09-30,Southern,58,52
2020-09-30,Northern,21,31
2020-10-01,Southern,NA,54
2020-10-01,Northern,NA,31
2020-10-02,Southern,68,57
2020-10-02,Northern,34,31
2020-10-03,Southern,NA,57
2020-10-03,Northern,NA,31
2020-10-04,Southern,NA,57
2020-10-04,Northern,NA,31
2020-10-05,Southern,63,63
2020-10-05,Northern,38,30
2020-10-06,Southern,NA,63
2020-10-06,Northern,NA,30
2020-10-07,Southern,59,63
2020-10-07,Northern,70,45
2020-10-08,Southern,NA,63
2020-10-08,Northern,NA,45
2020-10-09,Southern,66,63
2020-10-09,Northern,56,53
2020-10-10,Southern,NA,63
2020-10-10,Northern,NA,53
2020-10-11,Southern,NA,63
2020-10-11,Northern,NA,53
2020-10-12,Southern,63,63
2020-10-12,Northern,52,59
2020-10-13,Southern,NA,63
2020-10-13,Northern,NA,59
2020-10-14,Southern,103,76
2020-10-14,Northern,71,59
2020-10-15,Southern,NA,76
2020-10-15,Northern,NA,59
2020-10-16,Southern,105,88
2020-10-16,Northern,101,72
2020-10-17,Southern,NA,88
2020-10-17,Northern,NA,72
2020-10-18,Southern,121,95
2020-10-18,Northern,263,99
2020-10-19,Southern,259,136
2020-10-19,Northern,116,122
2020-10-20,Southern,175,143
2020-10-20,Northern,130,123
2020-10-21,Southern,271,173
2020-10-21,Northern,95,131
2020-10-22,Southern,214,179
2020-10-22,Northern,131,131
2020-10-23,Southern,120,183
2020-10-23,Northern,103,131
2020-10-24,Southern,118,172
2020-10-24,Northern,132,132
2020-10-25,Southern,179,182
2020-10-25,Northern,126,118
2020-10-26,Southern,120,163
2020-10-26,Northern,120,119
2020-10-27,Southern,173,163
2020-10-27,Northern,129,119
2020-10-28,Southern,156,150
2020-10-28,Northern,190,131
2020-10-29,Southern,92,133
2020-10-29,Northern,97,126
2020-10-30,Southern,134,135
2020-10-30,Northern,201,138
2020-10-31,Southern,68,125
2020-10-31,Northern,148,140
2020-11-01,Southern,145,122
2020-11-01,Northern,139,142
2020-11-02,Southern,181,129
2020-11-02,Northern,186,151
2020-11-03,Southern,256,136
2020-11-03,Northern,317,172
2020-11-04,Southern,177,139
2020-11-04,Northern,183,171
2020-11-05,Southern,269,162
2020-11-05,Northern,354,206
2020-11-06,Southern,206,172
2020-11-06,Northern,207,207
2020-11-07,Southern,240,206
2020-11-07,Northern,221,219
2020-11-08,Southern,270,225
2020-11-08,Northern,322,247
2020-11-09,Southern,273,239
2020-11-09,Northern,226,254
2020-11-10,Southern,291,243
2020-11-10,Northern,339,257
2020-11-11,Southern,244,255
2020-11-11,Northern,396,287
2020-11-12,Southern,341,263
2020-11-12,Northern,318,282
2020-11-13,Southern,255,272
2020-11-13,Northern,301,298
2020-11-14,Southern,359,288
2020-11-14,Northern,313,313
2020-11-15,Southern,382,302
2020-11-15,Northern,286,307
2020-11-16,Southern,300,307
2020-11-16,Northern,311,322
2020-11-17,Southern,428,324
2020-11-17,Northern,412,331
2020-11-18,Southern,380,345
2020-11-18,Northern,353,325
2020-11-19,Southern,211,322
2020-11-19,Northern,384,334
2020-11-20,Southern,305,330
2020-11-20,Northern,371,344
2020-11-21,Southern,270,317
2020-11-21,Northern,385,355
2020-11-22,Southern,411,320
2020-11-22,Northern,435,377
2020-11-23,Southern,553,350
2020-11-23,Northern,267,369
2020-11-24,Southern,526,360
2020-11-24,Northern,518,381
2020-11-25,Southern,497,374
2020-11-25,Northern,459,395
2020-11-26,Southern,1052,471
2020-11-26,Northern,495,410
2020-11-27,Southern,568,515
2020-11-27,Northern,561,435
2020-11-28,Southern,748,595
2020-11-28,Northern,546,457
2020-11-29,Southern,646,635
2020-11-29,Northern,520,469
2020-11-30,Southern,771,666
2020-11-30,Northern,675,536
2020-12-01,Southern,537,668
2020-12-01,Northern,862,576
2020-12-02,Southern,431,655
2020-12-02,Northern,857,630
2020-12-03,Southern,824,632
2020-12-03,Northern,888,685
2020-12-04,Southern,1578,732
2020-12-04,Northern,1384,779
2020-12-05,Southern,647,716
2020-12-05,Northern,956,844
2020-12-06,Southern,1042,767
2020-12-06,Northern,1035,931
2020-12-07,Southern,1135,811
2020-12-07,Northern,1219,1013
2020-12-08,Southern,827,862
2020-12-08,Northern,725,988
2020-12-09,Southern,784,939
2020-12-09,Northern,629,945
2020-12-10,Southern,954,959
2020-12-10,Northern,812,933
2020-12-11,Southern,882,883
2020-12-11,Northern,1146,909
2020-12-12,Southern,764,904
2020-12-12,Northern,1023,918
2020-12-13,Southern,1013,900
2020-12-13,Northern,1356,954
2020-12-14,Southern,1272,915
2020-12-14,Northern,1195,951
2020-12-15,Southern,790,909
2020-12-15,Northern,202,792
2020-12-16,Southern,922,930
2020-12-16,Northern,877,831
2020-12-17,Southern,1143,955
2020-12-17,Northern,1111,869
2020-12-18,Southern,793,940
2020-12-18,Northern,1048,858
2020-12-19,Southern,674,924
2020-12-19,Northern,1176,875
2020-12-20,Southern,950,915
2020-12-20,Northern,897,825
2020-12-21,Southern,923,874
2020-12-21,Northern,775,775
2020-12-22,Southern,999,904
2020-12-22,Northern,995,974
2020-12-23,Southern,1058,922
2020-12-23,Northern,841,968
2020-12-24,Southern,844,883
2020-12-24,Northern,985,952
2020-12-25,Southern,851,892
2020-12-25,Northern,907,932
2020-12-26,Southern,531,862
2020-12-26,Northern,551,836
2020-12-27,Southern,309,734
2020-12-27,Northern,1208,873
2020-12-28,Southern,813,721
2020-12-28,Northern,1448,954
2020-12-29,Southern,1014,722
2020-12-29,Northern,774,921
2020-12-30,Southern,922,708
2020-12-30,Northern,1451,995
2020-12-31,Southern,831,707
2020-12-31,Northern,792,965
2021-01-01,Southern,733,692
2021-01-01,Northern,473,879
2021-01-02,Southern,820,736
2021-01-02,Northern,367,829
2021-01-03,Southern,1120,885
2021-01-03,Northern,395,707
2021-01-04,Southern,1154,931
2021-01-04,Northern,546,615
2021-01-05,Southern,972,925
2021-01-05,Northern,942,632
2021-01-06,Southern,1323,974
2021-01-06,Northern,1061,605
2021-01-07,Southern,1061,1008
2021-01-07,Northern,1051,630
2021-01-08,Southern,1747,1141
2021-01-08,Northern,1329,730
2021-01-09,Southern,1803,1278
2021-01-09,Northern,1411,885
2021-01-10,Southern,1717,1358
2021-01-10,Northern,1180,1034
2021-01-11,Southern,2069,1476
2021-01-11,Northern,1013,1130
2021-01-12,Southern,902,1460
2021-01-12,Northern,920,1126
2021-01-13,Southern,1122,1426
2021-01-13,Northern,983,1114
2021-01-14,Southern,943,1403
2021-01-14,Northern,951,1098
2021-01-15,Southern,750,1243
2021-01-15,Northern,1112,1071
2021-01-16,Southern,971,1138
2021-01-16,Northern,672,963
2021-01-17,Southern,959,1047
2021-01-17,Northern,581,870
2021-01-18,Southern,1141,962
2021-01-18,Northern,603,808
2021-01-19,Southern,1255,1008
2021-01-19,Northern,966,814
2021-01-20,Southern,619,926
2021-01-20,Northern,422,721
2021-01-21,Southern,494,844
2021-01-21,Northern,591,674
2021-01-22,Southern,670,831
2021-01-22,Northern,690,629
2021-01-23,Southern,1085,844
2021-01-23,Northern,866,653
2021-01-24,Southern,1777,922
2021-01-24,Northern,663,665
2021-01-25,Southern,3772,1094
2021-01-25,Northern,631,669
2021-01-26,Southern,708,1008
2021-01-26,Northern,290,564
2021-01-27,Southern,269,894
2021-01-27,Northern,350,549
2021-01-28,Southern,747,949
2021-01-28,Northern,421,523
2021-01-29,Southern,706,956
2021-01-29,Northern,329,470
2021-01-30,Southern,465,847
2021-01-30,Northern,490,434
2021-01-31,Southern,444,695
2021-01-31,Northern,397,403
2021-02-01,Southern,499,520
2021-02-01,Northern,363,372
2021-02-02,Southern,422,483
2021-02-02,Northern,274,369
2021-02-03,Southern,360,504
2021-02-03,Northern,283,358
2021-02-04,Southern,360,454
2021-02-04,Northern,249,332
2021-02-05,Southern,270,396
2021-02-05,Northern,366,338
2021-02-06,Southern,519,402
2021-02-06,Northern,434,332
2021-02-07,Southern,750,433
2021-02-07,Northern,295,318
2021-02-08,Southern,492,432
2021-02-08,Northern,412,324
2021-02-09,Southern,347,420
2021-02-09,Northern,315,330
2021-02-10,Southern,213,390
2021-02-10,Northern,225,320
2021-02-11,Southern,471,405
2021-02-11,Northern,382,340
2021-02-12,Southern,286,409
2021-02-12,Northern,358,339
2021-02-13,Southern,265,371
2021-02-13,Northern,285,319
2021-02-14,Southern,543,355
2021-02-14,Northern,283,317
2021-02-15,Southern,500,355
2021-02-15,Northern,155,276
2021-02-16,Southern,663,390
2021-02-16,Northern,190,257
2021-02-17,Southern,326,414
2021-02-17,Northern,232,258
2021-02-18,Southern,476,415
2021-02-18,Northern,412,261
2021-02-19,Southern,256,408
2021-02-19,Northern,579,279
2021-02-20,Southern,318,419
2021-02-20,Northern,182,262
2021-02-21,Southern,848,447
2021-02-21,Northern,308,265
2021-02-22,Southern,687,468
2021-02-22,Northern,386,302
2021-02-23,Southern,279,413
2021-02-23,Northern,163,295
2021-02-24,Southern,306,409
2021-02-24,Northern,260,300
2021-02-25,Southern,159,350
2021-02-25,Northern,193,269
2021-02-26,Southern,135,320
2021-02-26,Northern,124,216
2021-02-27,Southern,385,328
2021-02-27,Northern,243,225
2021-02-28,Southern,356,290
2021-02-28,Northern,211,213
2021-03-01,Southern,409,269
2021-03-01,Northern,251,201
2021-03-02,Southern,270,268
2021-03-02,Northern,218,209
2021-03-03,Southern,291,266
2021-03-03,Northern,279,211
2021-03-04,Southern,797,335
2021-03-04,Northern,332,228
2021-03-05,Southern,417,394
2021-03-05,Northern,287,257
2021-03-06,Southern,352,389
2021-03-06,Northern,190,248
2021-03-07,Southern,307,381
2021-03-07,Northern,191,245
2021-03-08,Southern,399,379
2021-03-08,Northern,284,249
2021-03-09,Southern,236,372
2021-03-09,Northern,217,249
2021-03-10,Southern,206,354
2021-03-10,Northern,208,239
2021-03-11,Southern,326,311
2021-03-11,Northern,185,220
2021-03-12,Southern,300,297
2021-03-12,Northern,364,227
2021-03-13,Southern,272,286
2021-03-13,Northern,366,249
2021-03-14,Southern,362,293
2021-03-14,Northern,235,257
2021-03-15,Southern,447,298
2021-03-15,Northern,310,260
2021-03-16,Southern,374,318
2021-03-16,Northern,216,260
2021-03-17,Southern,260,329
2021-03-17,Northern,266,269
2021-03-18,Southern,328,329
2021-03-18,Northern,415,302
2021-03-19,Southern,281,326
2021-03-19,Northern,259,288
2021-03-20,Southern,338,337
2021-03-20,Northern,382,290
2021-03-21,Southern,710,371
2021-03-21,Northern,227,288
2021-03-22,Southern,566,383
2021-03-22,Northern,286,285
2021-03-23,Southern,287,369
2021-03-23,Northern,286,296
2021-03-24,Southern,431,397
2021-03-24,Northern,245,293
2021-03-25,Southern,227,376
2021-03-25,Northern,266,275
2021-03-26,Southern,340,387
2021-03-26,Northern,209,267
2021-03-27,Southern,435,401
2021-03-27,Northern,313,259
2021-03-28,Southern,406,370
2021-03-28,Northern,218,258
2021-03-29,Southern,441,357
2021-03-29,Northern,276,257
2021-03-30,Southern,335,365
2021-03-30,Northern,212,246
2021-03-31,Southern,300,347
2021-03-31,Northern,107,218
2021-04-01,Southern,538,392
2021-04-01,Northern,233,214
2021-04-02,Southern,434,406
2021-04-02,Northern,246,219
2021-04-03,Southern,264,378
2021-04-03,Northern,177,202
2021-04-04,Southern,249,353
2021-04-04,Northern,388,220
2021-04-05,Southern,390,346
2021-04-05,Northern,273,219
2021-04-06,Southern,425,358
2021-04-06,Northern,233,222
2021-04-07,Southern,261,351
2021-04-07,Northern,222,247
2021-04-08,Southern,284,321
2021-04-08,Northern,247,249
2021-04-09,Southern,392,316
2021-04-09,Northern,300,256
2021-04-10,Southern,441,340
2021-04-10,Northern,349,282
2021-04-11,Southern,471,373
2021-04-11,Northern,287,270
2021-04-12,Southern,242,348
2021-04-12,Northern,338,278
2021-04-13,Southern,253,323
2021-04-13,Northern,170,266
2021-04-14,Southern,356,338
2021-04-14,Northern,240,269
2021-04-15,Southern,330,345
2021-04-15,Northern,237,267
2021-04-16,Southern,245,323
2021-04-16,Northern,178,248
2021-04-17,Southern,214,291
2021-04-17,Northern,271,240
2021-04-18,Southern,340,278
2021-04-18,Northern,245,234
2021-04-19,Southern,177,266
2021-04-19,Northern,181,214
2021-04-20,Southern,198,257
2021-04-20,Northern,131,207
2021-04-21,Southern,203,237
2021-04-21,Northern,158,194
2021-04-22,Southern,355,239
2021-04-22,Northern,108,174
2021-04-23,Southern,192,231
2021-04-23,Northern,80,155
2021-04-24,Southern,287,241
2021-04-24,Northern,127,139
2021-04-25,Southern,238,229
2021-04-25,Northern,176,133
2021-04-26,Southern,209,235
2021-04-26,Northern,154,130
2021-04-27,Southern,139,223
2021-04-27,Northern,107,126
2021-04-28,Southern,157,215
2021-04-28,Northern,102,118
2021-04-29,Southern,231,202
2021-04-29,Northern,133,122
2021-04-30,Southern,154,196
2021-04-30,Northern,78,121
2021-05-01,Southern,109,171
2021-05-01,Northern,97,117
2021-05-02,Southern,214,168
2021-05-02,Northern,75,103
2021-05-03,Southern,100,151
2021-05-03,Northern,67,92
2021-05-04,Southern,89,142
2021-05-04,Northern,91,90
2021-05-05,Southern,141,140
2021-05-05,Northern,84,87
2021-05-06,Southern,110,126
2021-05-06,Northern,96,83
2021-05-07,Southern,69,112
2021-05-07,Northern,69,82
2021-05-08,Southern,45,99
2021-05-08,Northern,75,79
2021-05-09,Southern,55,81
2021-05-09,Northern,87,81
2021-05-10,Southern,86,80
2021-05-10,Northern,66,80
2021-05-11,Southern,40,71
2021-05-11,Northern,23,66
2021-05-12,Southern,36,58
2021-05-12,Northern,60,63
2021-05-13,Southern,78,56
2021-05-13,Northern,62,59
2021-05-14,Southern,72,56
2021-05-14,Northern,56,57
2021-05-15,Southern,70,60
2021-05-15,Northern,49,54
2021-05-16,Southern,82,63
2021-05-16,Northern,36,48
2021-05-17,Southern,73,62
2021-05-17,Northern,44,45
2021-05-18,Southern,102,71
2021-05-18,Northern,29,46
2021-05-19,Southern,67,77
2021-05-19,Northern,31,42
2021-05-20,Southern,60,74
2021-05-20,Northern,57,42
2021-05-21,Southern,56,72
2021-05-21,Northern,48,41
2021-05-22,Southern,38,66
2021-05-22,Northern,43,40
2021-05-23,Southern,42,60
2021-05-23,Northern,18,36
2021-05-24,Southern,61,58
2021-05-24,Northern,40,36
2021-05-25,Southern,56,53
2021-05-25,Northern,30,36
2021-05-26,Southern,35,49
2021-05-26,Northern,20,34
2021-05-27,Southern,41,46
2021-05-27,Northern,21,29
2021-05-28,Southern,34,43
2021-05-28,Northern,26,27
2021-05-29,Southern,30,42
2021-05-29,Northern,12,22
2021-05-30,Southern,28,39
2021-05-30,Northern,21,23
2021-05-31,Southern,32,36
2021-05-31,Northern,15,20
2021-06-01,Southern,36,34
2021-06-01,Northern,30,20
2021-06-02,Southern,24,32
2021-06-02,Northern,28,21
2021-06-03,Southern,25,30
2021-06-03,Northern,24,21
2021-06-04,Southern,36,30
2021-06-04,Northern,20,20
2021-06-05,Southern,NA,30
2021-06-05,Northern,38,24
2021-06-06,Southern,19,28
2021-06-06,Northern,24,25
2021-06-07,Southern,27,27
2021-06-07,Northern,29,27
2021-06-08,Southern,17,24
2021-06-08,Northern,15,24
2021-06-09,Southern,26,24
2021-06-09,Northern,14,22
2021-06-10,Southern,23,24
2021-06-10,Northern,33,23
2021-06-11,Southern,44,25
2021-06-11,Northern,40,25
2021-06-12,Southern,20,24
2021-06-12,Northern,32,25
2021-06-13,Southern,19,24
2021-06-13,Northern,20,24
2021-06-14,Southern,15,22
2021-06-14,Northern,11,21
2021-06-15,Southern,7,19
2021-06-15,Northern,9,20
2021-06-16,Southern,6,16
2021-06-16,Northern,13,19
2021-06-17,Southern,19,15
2021-06-17,Northern,16,18
2021-06-18,Southern,7,12
2021-06-18,Northern,16,15
2021-06-19,Southern,6,10
2021-06-19,Northern,11,13
2021-06-20,Southern,88,13
2021-06-20,Northern,15,13
2021-06-21,Southern,23,13
2021-06-21,Northern,19,14
2021-06-22,Southern,13,15
2021-06-22,Northern,17,15
2021-06-23,Southern,11,16
2021-06-23,Northern,18,16
2021-06-24,Southern,NA,12
2021-06-24,Northern,33,17
2021-06-25,Southern,5,11
2021-06-25,Northern,31,19
2021-06-26,Southern,18,13
2021-06-26,Northern,14,20
2021-06-27,Southern,7,9
2021-06-27,Northern,13,20
2021-06-28,Southern,17,9
2021-06-28,Northern,52,23
2021-06-29,Southern,87,11
2021-06-29,Northern,56,27
2021-06-30,Southern,106,16
2021-06-30,Northern,23,28
2021-07-01,Southern,4,17
2021-07-01,Northern,19,26
2021-07-02,Southern,27,21
2021-07-02,Northern,40,27
2021-07-03,Southern,28,23
2021-07-03,Northern,45,31
2021-07-04,Southern,30,28
2021-07-04,Northern,61,39
2021-07-05,Southern,53,33
2021-07-05,Northern,28,36
2021-07-06,Southern,39,29
2021-07-06,Northern,27,32
2021-07-07,Southern,NA,17
2021-07-07,Northern,38,35
2021-07-08,Southern,52,25
2021-07-08,Northern,50,40
2021-07-09,Southern,42,26
2021-07-09,Northern,76,44
2021-07-10,Southern,51,29
2021-07-10,Northern,73,47
2021-07-11,Southern,96,34
2021-07-11,Northern,52,46
2021-07-12,Southern,62,35
2021-07-12,Northern,87,54
2021-07-13,Southern,59,37
2021-07-13,Northern,NA,38
2021-07-14,Southern,54,58
2021-07-14,Northern,102,44
2021-07-15,Southern,29,53
2021-07-15,Northern,59,45
2021-07-16,Southern,65,56
2021-07-16,Northern,80,45
2021-07-17,Southern,103,62
2021-07-17,Northern,57,44
2021-07-18,Southern,101,63
2021-07-18,Northern,118,49
2021-07-19,Southern,97,67
2021-07-19,Northern,163,54
2021-07-20,Southern,42,64
2021-07-20,Northern,126,94
2021-07-21,Southern,80,67
2021-07-21,Northern,167,101
2021-07-22,Southern,95,80
2021-07-22,Northern,136,114
2021-07-23,Southern,188,93
2021-07-23,Northern,202,130
2021-07-24,Southern,215,103
2021-07-24,Northern,148,149
2021-07-25,Southern,260,118
2021-07-25,Northern,249,166
2021-07-26,Southern,302,139
2021-07-26,Northern,263,178
2021-07-27,Southern,235,178
2021-07-27,Northern,181,187
2021-07-28,Southern,243,209
2021-07-28,Northern,279,202
2021-07-29,Southern,161,225
2021-07-29,Northern,200,213
2021-07-30,Southern,209,228
2021-07-30,Northern,184,210
2021-07-31,Southern,475,256
2021-07-31,Northern,135,207
2021-08-01,Southern,504,281
2021-08-01,Northern,223,204
2021-08-02,Southern,561,307
2021-08-02,Northern,213,198
2021-08-03,Southern,222,305
2021-08-03,Northern,171,196
2021-08-04,Southern,95,267
2021-08-04,Northern,144,179
2021-08-05,Southern,544,317
2021-08-05,Northern,161,173
2021-08-06,Southern,202,316
2021-08-06,Northern,186,173
2021-08-07,Southern,330,300
2021-08-07,Northern,665,218
2021-08-08,Southern,465,296
2021-08-08,Northern,659,254
2021-08-09,Southern,563,296
2021-08-09,Northern,691,301
2021-08-10,Southern,405,323
2021-08-10,Northern,329,330
2021-08-11,Southern,202,359
2021-08-11,Northern,240,355
2021-08-12,Southern,287,328
2021-08-12,Northern,681,437
2021-08-13,Southern,303,348
2021-08-13,Northern,376,483
2021-08-14,Southern,293,342
2021-08-14,Northern,363,443
2021-08-15,Southern,308,322
2021-08-15,Northern,306,397
2021-08-16,Southern,305,295
2021-08-16,Northern,325,356
2021-08-17,Southern,229,272
2021-08-17,Northern,335,357
2021-08-18,Southern,153,261
2021-08-18,Northern,229,355
2021-08-19,Southern,301,263
2021-08-19,Northern,227,303
2021-08-20,Southern,274,260
2021-08-20,Northern,320,296
2021-08-21,Southern,178,242
2021-08-21,Northern,695,325
2021-08-22,Southern,245,234
2021-08-22,Northern,315,327
2021-08-23,Southern,178,217
2021-08-23,Northern,249,314
2021-08-24,Southern,178,209
2021-08-24,Northern,290,308
2021-08-25,Southern,451,244
2021-08-25,Northern,385,332
2021-08-26,Southern,344,249
2021-08-26,Northern,383,358
2021-08-27,Southern,416,264
2021-08-27,Northern,444,375
2021-08-28,Southern,603,314
2021-08-28,Northern,408,347
2021-08-29,Southern,463,344
2021-08-29,Northern,304,346
2021-08-30,Southern,532,402
2021-08-30,Northern,320,358
2021-08-31,Southern,779,497
2021-08-31,Northern,347,367
2021-09-01,Southern,334,476
2021-09-01,Northern,164,325
2021-09-02,Southern,262,458
2021-09-02,Northern,205,298
2021-09-03,Southern,145,394
2021-09-03,Northern,326,285
2021-09-04,Southern,388,370
2021-09-04,Northern,266,268
2021-09-05,Southern,394,361
2021-09-05,Northern,239,259
2021-09-06,Southern,183,310
2021-09-06,Northern,281,254
2021-09-07,Southern,251,264
2021-09-07,Northern,221,238
2021-09-08,Southern,309,261
2021-09-08,Northern,170,239
2021-09-09,Southern,163,244
2021-09-09,Northern,170,233
2021-09-10,Southern,239,262
2021-09-10,Northern,65,185
2021-09-11,Southern,371,260
2021-09-11,Northern,189,176
2021-09-12,Southern,376,259
2021-09-12,Northern,217,174
2021-09-13,Southern,301,278
2021-09-13,Northern,133,156
2021-09-14,Southern,364,293
2021-09-14,Northern,675,183
2021-09-15,Southern,253,285
2021-09-15,Northern,330,201
2021-09-16,Southern,251,303
2021-09-16,Northern,494,235
2021-09-17,Southern,292,311
2021-09-17,Northern,493,313
2021-09-18,Southern,253,295
2021-09-18,Northern,571,367
2021-09-19,Southern,359,293
2021-09-19,Northern,395,400
2021-09-20,Southern,297,292
2021-09-20,Northern,312,451
2021-09-21,Southern,165,261
2021-09-21,Northern,254,393
2021-09-22,Southern,221,256
2021-09-22,Northern,195,364
2021-09-23,Southern,108,227
2021-09-23,Northern,218,324
2021-09-24,Southern,131,202
2021-09-24,Northern,187,282
2021-09-25,Southern,237,200
2021-09-25,Northern,450,273
2021-09-26,Southern,356,200
2021-09-26,Northern,218,251
2021-09-27,Southern,437,211
2021-09-27,Northern,307,250
2021-09-28,Southern,275,228
2021-09-28,Northern,270,252
2021-09-29,Southern,196,224
2021-09-29,Northern,272,264
2021-09-30,Southern,296,258
2021-09-30,Northern,477,296
2021-10-01,Southern,209,276
2021-10-01,Northern,335,321
2021-10-02,Southern,429,301
2021-10-02,Northern,366,312
2021-10-03,Southern,570,322
2021-10-03,Northern,381,338
2021-10-04,Southern,417,320
2021-10-04,Northern,324,341
2021-10-05,Southern,396,337
2021-10-05,Northern,377,357
2021-10-06,Southern,677,402
2021-10-06,Northern,184,338
2021-10-07,Southern,233,388
2021-10-07,Northern,260,310
2021-10-08,Southern,528,443
2021-10-08,Northern,415,319
2021-10-09,Southern,331,427
2021-10-09,Northern,306,311
2021-10-10,Southern,335,396
2021-10-10,Northern,381,311
2021-10-11,Southern,423,396
2021-10-11,Northern,345,314
2021-10-12,Southern,437,402
2021-10-12,Northern,216,290
2021-10-13,Southern,276,354
2021-10-13,Northern,190,291
2021-10-14,Southern,444,388
2021-10-14,Northern,207,282
2021-10-15,Southern,308,359
2021-10-15,Northern,243,261
2021-10-16,Southern,245,344
2021-10-16,Northern,185,243
2021-10-17,Southern,188,317
2021-10-17,Northern,131,209
2021-10-18,Southern,227,290
2021-10-18,Northern,161,187
2021-10-19,Southern,152,249
2021-10-19,Northern,189,184
2021-10-20,Southern,324,255
2021-10-20,Northern,300,196
2021-10-21,Southern,300,241
2021-10-21,Northern,344,211
2021-10-22,Southern,278,238
2021-10-22,Northern,351,222
2021-10-23,Southern,557,267
2021-10-23,Northern,436,251
2021-10-24,Southern,518,309
2021-10-24,Northern,495,304
2021-10-25,Southern,368,331
2021-10-25,Northern,298,332
2021-10-26,Southern,262,358
2021-10-26,Northern,240,343
2021-10-27,Southern,342,361
2021-10-27,Northern,316,346
2021-10-28,Southern,352,369
2021-10-28,Northern,451,359
2021-10-29,Southern,466,397
2021-10-29,Northern,554,384
2021-10-30,Southern,266,357
2021-10-30,Northern,214,347
2021-10-31,Southern,265,325
2021-10-31,Northern,109,279
2021-11-01,Southern,289,314
2021-11-01,Northern,352,286
2021-11-02,Southern,205,303
2021-11-02,Northern,423,310
2021-11-03,Southern,157,271
2021-11-03,Northern,533,334
2021-11-04,Southern,422,278
2021-11-04,Northern,538,342
2021-11-05,Southern,466,278
2021-11-05,Northern,496,337
2021-11-06,Southern,362,291
2021-11-06,Northern,340,360
2021-11-07,Southern,448,313
2021-11-07,Northern,295,415
2021-11-08,Southern,496,339
2021-11-08,Northern,317,409
2021-11-09,Southern,374,369
2021-11-09,Northern,285,386
2021-11-10,Southern,571,444
2021-11-10,Northern,546,388
2021-11-11,Southern,565,463
2021-11-11,Northern,291,355
2021-11-12,Southern,418,456
2021-11-12,Northern,529,358
2021-11-13,Southern,576,487
2021-11-13,Northern,717,399
2021-11-14,Southern,1285,566
2021-11-14,Northern,760,456
2021-11-15,Southern,1114,635
2021-11-15,Northern,845,525
2021-11-16,Southern,488,659
2021-11-16,Northern,430,557
2021-11-17,Southern,601,664
2021-11-17,Northern,801,588
2021-11-18,Southern,501,653
2021-11-18,Northern,877,689
2021-11-19,Southern,685,701
2021-11-19,Northern,363,653
2021-11-20,Southern,597,704
2021-11-20,Northern,540,627
2021-11-21,Southern,438,604
2021-11-21,Northern,684,618
2021-11-22,Southern,497,538
2021-11-22,Northern,443,563
2021-11-23,Southern,349,513
2021-11-23,Northern,747,609
2021-11-24,Southern,707,525
2021-11-24,Northern,910,620
2021-11-25,Southern,843,566
2021-11-25,Northern,927,625
2021-11-26,Southern,818,580
2021-11-26,Northern,382,630
2021-11-27,Southern,699,593
2021-11-27,Northern,967,685
2021-11-28,Southern,1203,686
2021-11-28,Northern,901,712
2021-11-29,Southern,1242,781
2021-11-29,Northern,1066,807
2021-11-30,Southern,1453,958
2021-11-30,Northern,1204,864
2021-12-01,Southern,2333,1136
2021-12-01,Northern,1509,929
2021-12-02,Southern,2219,1305
2021-12-02,Northern,1163,960
2021-12-03,Southern,1278,1391
2021-12-03,Northern,858,1077
2021-12-04,Southern,3480,1749
2021-12-04,Northern,1223,1114
2021-12-05,Southern,1864,1862
2021-12-05,Northern,1905,1240
2021-12-06,Southern,2926,2104
2021-12-06,Northern,1093,1244
2021-12-07,Southern,1656,2144
2021-12-07,Northern,1112,1230
2021-12-08,Southern,1152,1938
2021-12-08,Northern,1126,1180
2021-12-09,Southern,1101,1754
2021-12-09,Northern,1105,1171
2021-12-10,Southern,1566,1805
2021-12-10,Northern,1257,1237
2021-12-11,Southern,1177,1546
2021-12-11,Northern,1363,1256
2021-12-12,Southern,1962,1557
2021-12-12,Northern,1040,1152
2021-12-13,Southern,1148,1363
2021-12-13,Northern,2511,1298
2021-12-14,Southern,1642,1361
2021-12-14,Northern,765,1230
2021-12-15,Southern,1187,1367
2021-12-15,Northern,1211,1243
2021-12-16,Southern,1932,1481
2021-12-16,Northern,1751,1328
2021-12-17,Southern,1865,1518
2021-12-17,Northern,2466,1462
2021-12-18,Southern,2273,1668
2021-12-18,Northern,1908,1534
2021-12-19,Southern,2441,1721
2021-12-19,Northern,2111,1697
2021-12-20,Southern,3435,2013
2021-12-20,Northern,2373,1683
2021-12-21,Southern,2109,2086
2021-12-21,Northern,2109,1945
2021-12-22,Southern,1837,2220
2021-12-22,Northern,2277,2129
2021-12-23,Southern,5435,2574
2021-12-23,Northern,4189,2411
2021-12-24,Southern,5696,3019
2021-12-24,Northern,5383,2696
2021-12-25,Southern,8791,3662
2021-12-25,Northern,6196,3190
2021-12-26,Southern,9314,4435
2021-12-26,Northern,4572,3562
2021-12-27,Southern,13209,5375
2021-12-27,Northern,8980,4308
2021-12-28,Southern,10754,6784
2021-12-28,Northern,10243,5399
2021-12-29,Southern,6713,8164
2021-12-29,Northern,6873,6322
2021-12-30,Southern,11946,9136
2021-12-30,Northern,8435,6987
2021-12-31,Southern,14643,10455
2021-12-31,Northern,9175,7540
2022-01-01,Southern,11502,10865
2022-01-01,Northern,6568,7604
2022-01-02,Southern,13282,11430
2022-01-02,Northern,7773,8202
2022-01-03,Southern,13342,11446
2022-01-03,Northern,10196,8353
2022-01-04,Southern,6670,10691
2022-01-04,Northern,8264,8100
2022-01-05,Southern,10588,11410
2022-01-05,Northern,10833,8644
2022-01-06,Southern,7579,10692
2022-01-06,Northern,6549,8337
2022-01-07,Southern,5944,9400
2022-01-07,Northern,4705,7579
2022-01-08,Southern,6624,8688
2022-01-08,Northern,3640,6966
2022-01-09,Southern,5758,7710
2022-01-09,Northern,3807,6291
2022-01-10,Southern,5595,6810
2022-01-10,Northern,2319,5091
2022-01-11,Southern,5223,6576
2022-01-11,Northern,2813,4365
2022-01-12,Southern,3582,5633
2022-01-12,Northern,2216,3479
2022-01-13,Southern,4097,5159
2022-01-13,Northern,2562,3043
2022-01-14,Southern,4661,4983
2022-01-14,Northern,3525,2920
2022-01-15,Southern,2005,4201
2022-01-15,Northern,1737,2627
2022-01-16,Southern,2067,3629
2022-01-16,Northern,1586,2318
2022-01-17,Southern,2873,3299
2022-01-17,Northern,2411,2331
2022-01-18,Southern,1854,2846
2022-01-18,Northern,1489,2129
2022-01-19,Southern,2085,2634
2022-01-19,Northern,1766,2061
2022-01-20,Southern,1863,2353
2022-01-20,Northern,1245,1859
2022-01-21,Southern,1693,2036
2022-01-21,Northern,1220,1597
2022-01-22,Southern,2240,2069
2022-01-22,Northern,1549,1571
2022-01-23,Southern,1819,2031
2022-01-23,Northern,1420,1547
2022-01-24,Southern,2381,1978
2022-01-24,Northern,1327,1420
2022-01-25,Southern,NA,NA
2022-01-25,Northern,NA,NA
2022-01-26,Southern,NA,NA
2022-01-26,Northern,NA,NA
2022-01-27,Southern,NA,NA
2022-01-27,Northern,NA,NA
2022-01-28,Southern,NA,NA
2022-01-28,Northern,NA,NA
2022-01-29,Southern,NA,NA
2022-01-29,Northern,NA,NA
2022-01-30,Southern,NA,NA
2022-01-30,Northern,NA,NA
2022-01-31,Southern,NA,NA
2022-01-31,Northern,NA,NA
2022-02-01,Southern,NA,NA
2022-02-01,Northern,NA,NA
2022-02-02,Southern,NA,NA
2022-02-02,Northern,NA,NA
2022-02-03,Southern,NA,NA
2022-02-03,Northern,NA,NA
2022-02-04,Southern,NA,NA
2022-02-04,Northern,NA,NA
2022-02-05,Southern,NA,NA
2022-02-05,Northern,NA,NA
2022-02-06,Southern,NA,NA
2022-02-06,Northern,NA,NA
2022-02-07,Southern,NA,NA
2022-02-07,Northern,NA,NA
2022-02-08,Southern,NA,NA
2022-02-08,Northern,NA,NA
2022-02-09,Southern,NA,NA
2022-02-09,Northern,NA,NA
2022-02-10,Southern,NA,NA
2022-02-10,Northern,NA,NA
2022-02-11,Southern,NA,NA
2022-02-11,Northern,NA,NA
2022-02-12,Southern,NA,NA
2022-02-12,Northern,NA,NA
2022-02-13,Southern,NA,NA
2022-02-13,Northern,NA,NA
2022-02-14,Southern,NA,NA
2022-02-14,Northern,NA,NA
2022-02-15,Southern,NA,NA
2022-02-15,Northern,NA,NA
2022-02-16,Southern,NA,NA
2022-02-16,Northern,NA,NA
2022-02-17,Southern,NA,NA
2022-02-17,Northern,NA,NA
2022-02-18,Southern,NA,NA
2022-02-18,Northern,NA,NA
2022-02-19,Southern,NA,NA
2022-02-19,Northern,NA,NA
2022-02-20,Southern,NA,NA
2022-02-20,Northern,NA,NA
2022-02-21,Southern,NA,NA
2022-02-21,Northern,NA,NA
2022-02-22,Southern,NA,NA
2022-02-22,Northern,NA,NA
2022-02-23,Southern,NA,NA
2022-02-23,Northern,NA,NA
2022-02-24,Southern,NA,NA
2022-02-24,Northern,NA,NA
2022-02-25,Southern,NA,NA
2022-02-25,Northern,NA,NA
2022-02-26,Southern,NA,NA
2022-02-26,Northern,NA,NA
2022-02-27,Southern,NA,NA
2022-02-27,Northern,NA,NA
2022-02-28,Southern,NA,NA
2022-02-28,Northern,NA,NA
2022-03-01,Southern,NA,NA
2022-03-01,Northern,NA,NA
2022-03-02,Southern,NA,NA
2022-03-02,Northern,NA,NA
2022-03-03,Southern,NA,NA
2022-03-03,Northern,NA,NA
2022-03-04,Southern,NA,NA
2022-03-04,Northern,NA,NA
2022-03-05,Southern,NA,NA
2022-03-05,Northern,NA,NA
2022-03-06,Southern,NA,NA
2022-03-06,Northern,NA,NA
2022-03-07,Southern,NA,NA
2022-03-07,Northern,NA,NA
2022-03-08,Southern,NA,NA
2022-03-08,Northern,NA,NA
2022-03-09,Southern,NA,NA
2022-03-09,Northern,NA,NA
2022-03-10,Southern,NA,NA
2022-03-10,Northern,NA,NA
2022-03-11,Southern,NA,NA
2022-03-11,Northern,NA,NA
2022-03-12,Southern,NA,NA
2022-03-12,Northern,NA,NA
2022-03-13,Southern,NA,NA
2022-03-13,Northern,NA,NA
2022-03-14,Southern,NA,NA
2022-03-14,Northern,NA,NA
2022-03-15,Southern,NA,NA
2022-03-15,Northern,NA,NA
2022-03-16,Southern,NA,NA
2022-03-16,Northern,NA,NA
2022-03-17,Southern,NA,NA
2022-03-17,Northern,NA,NA
2022-03-18,Southern,NA,NA
2022-03-18,Northern,NA,NA
2022-03-19,Southern,NA,NA
2022-03-19,Northern,NA,NA
