price,bedrooms,bathrooms,sqft_living,sqft_lot,floors,waterfront,view,condition,grade,sqft_above,sqft_basement,yr_built,yr_renovated,zipcode,lat,long
241.25,3,1.75,1350,7588,1,FALSE,0,3,7,1350,0,1993,0,98010,47.3123,-122.023
262.5,4,2,1540,5110,1,FALSE,0,3,7,1540,0,1957,0,98118,47.5164,-122.268
765,4,1,2520,5500,1.5,FALSE,0,5,8,1820,700,1912,0,98144,47.5785,-122.292
430,2,2.25,1040,1516,2,FALSE,0,3,8,1040,0,2008,0,98122,47.6037,-122.307
215,3,2,1280,6994,1,FALSE,0,3,7,1280,0,1991,0,98038,47.3889,-122.048
675,2,1.75,2140,5000,1,FALSE,0,3,7,1000,1140,1930,1991,98112,47.6284,-122.291
885,4,2.5,2830,5000,2,FALSE,0,3,9,2830,0,1995,0,98105,47.6597,-122.29
907,3,1.5,1340,6000,1.5,FALSE,1,3,9,1340,0,1927,0,98105,47.66,-122.282
395.3,3,1.5,1120,7000,1,FALSE,0,3,7,1120,0,1955,0,98007,47.5987,-122.146
649.95,3,2.75,1670,1350,3,FALSE,0,3,9,1350,320,2014,0,98116,47.5764,-122.408
300,2,1.5,1300,6120,1,FALSE,0,3,6,820,480,1945,0,98146,47.5088,-122.338
632,3,2.25,2730,7521,2,FALSE,2,3,9,2730,0,1992,0,98011,47.7704,-122.196
525,4,2.5,2400,10070,1,FALSE,0,3,7,1510,890,1967,0,98034,47.7104,-122.24
533,4,2.5,2830,6536,2,FALSE,0,3,8,2830,0,2003,0,98038,47.3888,-122.032
554,2,2,1870,5580,1,FALSE,0,3,8,1870,0,2004,0,98053,47.7101,-122.031
513,3,1.75,1710,5000,1,FALSE,0,4,7,1110,600,1944,0,98107,47.6689,-122.37
615,5,2.25,2480,12070,2,FALSE,0,3,9,2480,0,1978,0,98074,47.631,-122.052
197.2,3,1,1140,8775,1,FALSE,0,3,6,990,150,1942,0,98146,47.4824,-122.336
200,3,1,1010,8108,1,FALSE,0,3,7,1010,0,1955,0,98155,47.735,-122.309
815,3,2,2310,6000,2,FALSE,1,4,9,1560,750,1926,0,98199,47.648,-122.395
165,3,1.5,1020,10152,1,FALSE,0,5,6,1020,0,1959,0,98056,47.4971,-122.168
445,4,2.5,2170,6000,2,FALSE,0,3,7,1630,540,2008,0,98106,47.5589,-122.365
665,3,2.25,1590,929,2,FALSE,0,3,9,1060,530,2014,0,98122,47.6172,-122.31
370,3,1.75,1530,10300,1,FALSE,0,4,7,1530,0,1978,0,98133,47.7767,-122.356
600,2,2.5,2510,14878,2,FALSE,0,3,10,2510,0,1990,0,98011,47.7525,-122.205
709,3,2.75,2780,7200,1.5,FALSE,0,4,8,1870,910,1913,0,98118,47.5632,-122.27
400,3,1.75,1560,8456,1,FALSE,0,5,7,1560,0,1970,0,98028,47.7769,-122.25
750,4,2.25,2420,11120,1,FALSE,2,4,8,1620,800,1952,0,98146,47.4954,-122.366
265,4,1.75,1900,10588,1,FALSE,0,5,6,1900,0,1958,0,98002,47.289,-122.212
349.95,4,3.5,2796,3520,2.5,FALSE,0,3,8,2796,0,2013,0,98001,47.3427,-122.278
294.95,3,1,1240,8840,1,FALSE,0,3,6,1240,0,1952,0,98125,47.7277,-122.308
300,3,2,720,7598,1,FALSE,0,5,6,720,0,1947,0,98106,47.5483,-122.36
540,3,2.5,2220,5279,2,FALSE,0,3,8,2220,0,2006,0,98146,47.5132,-122.387
279.9,3,1,1280,12928,1.5,FALSE,0,3,6,1280,0,1942,0,98023,47.3215,-122.399
405,5,2.75,2400,4900,2,FALSE,0,3,8,2400,0,2011,0,98038,47.355,-122.057
550,2,0.75,1040,4000,1,FALSE,0,3,7,930,110,1909,0,98119,47.6489,-122.372
255,3,2.25,1850,7151,2,FALSE,0,3,7,1850,0,1989,0,98023,47.2843,-122.352
325,4,2.5,2280,9899,2,FALSE,0,3,8,2280,0,1987,0,98058,47.461,-122.148
460,3,2.5,1690,5131,1,FALSE,0,3,7,1690,0,1941,1998,98126,47.5234,-122.38
243,2,1.5,1068,1758,2,FALSE,0,3,7,1068,0,1990,0,98028,47.7527,-122.244
158,3,2,1090,6090,1,FALSE,0,3,7,940,150,1940,0,98118,47.5118,-122.259
254,3,2.5,1560,10608,2,FALSE,0,3,7,1560,0,1994,0,98042,47.3572,-122.161
443,3,1.75,1640,4579,1,FALSE,0,4,6,1640,0,1916,0,98133,47.7061,-122.352
329,3,1,1600,5952,1,FALSE,0,4,7,1150,450,1964,0,98106,47.5292,-122.362
390.5,3,2.25,1530,1279,2,FALSE,0,3,7,1116,414,2007,0,98177,47.7035,-122.357
263,3,2.5,1720,6847,2,FALSE,0,3,7,1720,0,1987,0,98001,47.3266,-122.272
600,5,2.25,3000,13899,2,FALSE,0,4,8,3000,0,1975,0,98052,47.6373,-122.105
539.5,4,2.25,2280,8550,1,FALSE,0,3,8,1660,620,1977,0,98034,47.701,-122.231
549.95,4,2.5,2720,13500,1,FALSE,0,3,8,1510,1210,1969,0,98007,47.6191,-122.145
215,3,1,1610,7140,1,FALSE,0,3,7,1080,530,1976,0,98031,47.3943,-122.189
434,4,3,2010,8171,2,FALSE,0,3,8,2010,0,1973,0,98011,47.7688,-122.218
215,3,1,960,9563,1,FALSE,0,5,7,960,0,1967,0,98023,47.2864,-122.357
368,2,2,930,1662,1,FALSE,0,3,7,670,260,2002,0,98199,47.6518,-122.4
397,4,1.75,2020,6000,1,FALSE,0,3,7,1620,400,1959,0,98144,47.577,-122.302
365,2,1,1250,8100,1,FALSE,0,4,7,1250,0,1947,0,98125,47.7294,-122.329
295,3,1.75,2000,7560,1,FALSE,0,4,7,1300,700,1968,0,98058,47.4346,-122.171
219.5,3,1,1090,6710,1.5,FALSE,0,5,5,1090,0,1912,0,98002,47.3066,-122.217
255,2,1.5,1480,9660,1,FALSE,0,3,7,1480,0,1949,0,98188,47.4577,-122.289
850,3,2.5,3230,5000,2,FALSE,2,5,8,2430,800,1945,0,98117,47.7011,-122.389
489.95,3,2,1580,4010,1,FALSE,0,4,7,790,790,1909,0,98117,47.6769,-122.371
250,4,3,2250,7882,2,FALSE,0,3,8,1570,680,1986,0,98198,47.3703,-122.314
237.1,3,1.75,1360,9603,1,FALSE,0,3,7,1360,0,1963,0,98198,47.3959,-122.309
207,3,1,920,5546,1,FALSE,0,2,6,920,0,1928,0,98125,47.7114,-122.284
525,4,2.75,2440,5080,2,FALSE,0,3,8,1750,690,1960,0,98126,47.5547,-122.379
464,3,2.5,2460,5400,1,FALSE,0,4,8,1520,940,2001,0,98056,47.5231,-122.202
385,4,2.5,2030,11375,1,FALSE,0,3,7,1330,700,1969,0,98028,47.7765,-122.261
895,4,1.5,3390,6200,2,FALSE,0,4,8,2530,860,1916,0,98144,47.58,-122.29
510,3,2.5,1860,3658,2,FALSE,0,3,8,1860,0,1994,0,98029,47.5703,-122.004
269,3,1.75,1530,7930,1,FALSE,0,5,7,1530,0,1986,0,98038,47.3609,-122.05
272,3,1,1130,8100,1.5,FALSE,0,3,6,1130,0,1934,0,98168,47.4935,-122.306
451,4,1.75,1260,7250,1,FALSE,0,3,6,1260,0,1943,0,98027,47.5267,-122.032
300,3,2.25,2000,7560,1,FALSE,0,3,7,1400,600,1979,0,98055,47.4798,-122.228
375,3,1.75,1380,5060,1,FALSE,0,3,7,1380,0,1986,0,98133,47.7059,-122.341
265,3,1,1000,9150,1,FALSE,0,3,7,1000,0,1969,0,98059,47.4829,-122.124
288,3,2.5,1150,887,3,FALSE,0,3,7,1150,0,2007,0,98133,47.7072,-122.356
731.781,3,3,2630,4972,2,FALSE,0,3,9,2630,0,2006,0,98052,47.693,-122.133
615,3,1.75,1780,5175,1,FALSE,0,4,7,990,790,1927,0,98116,47.5696,-122.386
980,4,2,2190,4560,2.5,FALSE,0,5,8,2190,0,1910,0,98103,47.662,-122.329
697,3,2.25,2420,5304,1.5,FALSE,0,5,7,1640,780,1947,0,98115,47.6765,-122.285
350,3,1,1370,8162,1.5,FALSE,0,3,6,1370,0,1949,0,98125,47.7263,-122.289
425,3,1,970,8040,1,FALSE,0,3,7,970,0,1956,0,98007,47.603,-122.132
320,2,1,1100,8281,1,FALSE,0,4,7,1100,0,1947,0,98155,47.7414,-122.315
294,3,3,1670,4120,1.5,FALSE,0,3,7,1140,530,1929,2012,98055,47.4881,-122.199
307,4,2.5,1714,3080,2,FALSE,0,3,8,1714,0,2009,0,98055,47.429,-122.188
460,3,1,1860,6360,1,FALSE,0,3,8,1470,390,1954,0,98136,47.5327,-122.392
630,4,2.5,1910,1502,3,FALSE,0,3,8,1910,0,2014,0,98107,47.6747,-122.393
474.95,3,3,1530,1568,3,FALSE,0,3,8,1530,0,2012,0,98117,47.6998,-122.367
571.5,3,1,1300,6710,1,FALSE,0,4,6,1300,0,1952,0,98040,47.5851,-122.242
489,4,2,2120,11479,1,FALSE,0,4,7,1060,1060,1940,0,98125,47.7084,-122.303
275,3,2.5,1560,4244,2,FALSE,0,3,7,1560,0,2002,0,98038,47.3834,-122.027
509.95,3,2.5,1970,9153,2,FALSE,0,3,8,1970,0,2007,0,98028,47.7698,-122.268
340,3,2,1410,10015,1,FALSE,3,3,6,1410,0,1993,0,98045,47.4948,-121.776
449.95,3,2.5,1530,3840,2,FALSE,0,3,8,1530,0,1994,0,98029,47.5691,-122.007
378,3,1.5,1000,6914,1,FALSE,0,3,7,1000,0,1947,0,98125,47.7144,-122.319
925,3,3,2560,3600,2,FALSE,0,3,10,2110,450,1994,0,98119,47.633,-122.37
999,4,2.5,3130,10849,2,FALSE,0,3,10,3130,0,2013,0,98033,47.6828,-122.186
900,3,2.5,2850,11535,1,FALSE,1,3,8,1680,1170,1952,2008,98155,47.748,-122.288
667.75,4,1,1430,4080,1.5,FALSE,0,3,7,1430,0,1924,0,98105,47.6696,-122.324
307,3,1.75,1890,13860,1,FALSE,0,5,7,1890,0,1966,0,98042,47.4156,-122.149
210,3,2.25,1720,9435,1,FALSE,0,4,7,1220,500,1978,0,98023,47.2979,-122.377
410.5,4,2.5,3362,8601,2,FALSE,0,3,8,3362,0,2004,0,98003,47.2592,-122.304
681.5,5,2.75,3260,11700,1,FALSE,0,3,8,1630,1630,1964,0,98008,47.6169,-122.104
365,3,1.5,1300,12240,1,FALSE,0,3,7,1300,0,1963,0,98028,47.737,-122.243
525,4,1.5,1580,6360,1.5,FALSE,0,3,7,1290,290,1945,0,98115,47.6873,-122.286
827,3,2.5,1850,1330,2.5,FALSE,0,3,9,1560,290,2004,0,98115,47.6831,-122.325
537.5,4,2.5,2550,4630,2,FALSE,0,3,7,2550,0,2005,0,98075,47.5928,-122.004
555,3,1,1250,4590,1.5,FALSE,0,3,6,970,280,1903,0,98115,47.6757,-122.327
745,4,2.5,2760,13093,2,FALSE,0,4,9,2760,0,1989,0,98075,47.5845,-122.06
559,2,1,1240,6400,1,FALSE,1,4,7,1060,180,1938,0,98126,47.5493,-122.377
340,3,2,1420,6060,1,FALSE,0,5,7,830,590,1942,0,98146,47.5102,-122.372
800,4,2.5,2680,7200,1,FALSE,0,3,8,1380,1300,1952,2013,98033,47.6835,-122.187
530,3,2.5,1970,6295,2,FALSE,0,3,7,1970,0,2011,0,98065,47.5158,-121.874
325,3,1,1410,8250,1,FALSE,0,3,7,1410,0,1954,0,98177,47.7621,-122.36
235,3,1,2230,8163,1,FALSE,0,3,7,1230,1000,1966,0,98118,47.5215,-122.275
299,3,2.25,1940,9100,1,FALSE,0,4,8,1630,310,1966,0,98023,47.3133,-122.364
710,3,2.5,2330,9160,2,FALSE,0,3,9,2330,0,1997,0,98006,47.5467,-122.181
950,3,2.5,3480,7800,1,FALSE,0,4,7,1750,1730,1941,1998,98177,47.7047,-122.378
515,5,3.25,2740,9629,1,FALSE,0,5,7,1390,1350,1977,0,98011,47.7645,-122.197
189.65,2,1.75,1100,7600,1,FALSE,0,3,6,1100,0,1980,0,98198,47.4136,-122.318
530,5,2.25,2140,7910,1,FALSE,0,3,7,1070,1070,1962,0,98007,47.6071,-122.137
900,4,3.5,3070,4440,2,FALSE,0,3,9,2030,1040,1922,2007,98116,47.5732,-122.411
379.9,5,3.5,2800,7350,2,FALSE,0,3,7,2800,0,1995,0,98106,47.5273,-122.345
425,3,2.25,1790,10209,1,FALSE,0,3,7,1290,500,1967,0,98072,47.7492,-122.086
348,3,2.5,1500,2255,2,FALSE,0,3,7,1500,0,2005,0,98029,47.5538,-121.997
365,2,1.75,1270,7500,1,FALSE,0,4,7,1270,0,1982,0,98074,47.6186,-122.063
405,5,1.75,1550,10500,1,FALSE,0,3,7,1100,450,1961,0,98011,47.7573,-122.22
499.95,4,2.5,2860,3345,2,FALSE,0,3,8,2190,670,2004,0,98072,47.7735,-122.158
540,3,1.75,1680,4240,1.5,FALSE,0,4,7,1680,0,1926,0,98144,47.5745,-122.311
772,4,2.5,2110,3750,2,FALSE,0,3,8,2110,0,2000,0,98117,47.6789,-122.363
189,3,2,1460,11481,1,FALSE,0,2,7,1170,290,1995,0,98045,47.4493,-121.777
283.5,3,1.75,1250,5375,1,FALSE,0,3,7,1250,0,1985,0,98198,47.3787,-122.323
525,4,2.75,2910,6308,1,FALSE,0,3,8,1640,1270,1985,0,98011,47.7352,-122.201
485,4,1,1620,4080,1.5,FALSE,0,3,7,1620,0,1923,0,98105,47.6696,-122.324
538,2,1.75,1850,3060,1,FALSE,0,3,7,1060,790,1929,1992,98115,47.6821,-122.308
578,3,1,1500,4500,1,FALSE,0,3,7,1120,380,1938,0,98117,47.6873,-122.385
365,2,1,870,5689,1,FALSE,0,4,7,870,0,1948,0,98103,47.6988,-122.351
349.99,4,2.5,2220,3561,2,FALSE,0,3,8,2220,0,2014,0,98038,47.3561,-122.063
526,2,1,1450,4500,1.5,FALSE,0,4,7,1450,0,1921,0,98107,47.6739,-122.396
365,3,2.5,2200,9696,2,FALSE,0,3,8,2200,0,1987,0,98031,47.4197,-122.205
233.703,3,2.25,1650,3788,2,FALSE,0,3,7,1650,0,1985,0,98031,47.3908,-122.167
345,4,2.25,2320,7350,2,FALSE,0,3,8,2320,0,1973,0,98058,47.4512,-122.131
255,3,1,1180,13650,1,FALSE,0,4,7,1180,0,1967,0,98058,47.4551,-122.154
499,2,2.5,1320,1157,2,FALSE,0,3,8,990,330,2014,0,98107,47.6689,-122.363
360,3,2.5,1530,1131,3,FALSE,0,3,8,1530,0,2009,0,98103,47.6993,-122.346
530,2,1.75,1170,976,2,FALSE,0,3,9,780,390,2010,0,98102,47.6192,-122.316
560,4,2.5,2630,5710,2,FALSE,0,3,8,2630,0,2001,0,98065,47.5342,-121.876
390,3,1,1200,10800,1,FALSE,0,4,7,1200,0,1955,0,98006,47.5771,-122.144
635,2,2.5,1390,1132,2,FALSE,0,3,8,1130,260,2006,0,98102,47.6228,-122.319
242,3,1.75,1310,9645,1,FALSE,0,3,7,1310,0,1979,0,98198,47.4051,-122.29
365,3,2.25,2860,8458,2,FALSE,0,3,7,2860,0,1983,0,98058,47.4269,-122.148
325,4,2.5,2090,7434,1,FALSE,0,3,7,1090,1000,1993,0,98146,47.4962,-122.349
575,3,1.75,1760,10349,1,FALSE,0,3,8,1760,0,1957,0,98005,47.6347,-122.173
599.95,4,3.5,2500,3080,2,FALSE,0,3,8,1810,690,2008,0,98052,47.6749,-122.14
335,3,2.75,2850,8039,1,FALSE,0,4,8,1540,1310,1989,0,98031,47.4141,-122.204
201,4,1.5,1360,8100,1.5,FALSE,0,3,7,1360,0,1962,0,98168,47.4931,-122.305
380,4,2.5,2100,5857,2,FALSE,0,3,8,2100,0,2002,0,98059,47.4956,-122.163
552.5,3,1,1430,5000,1,FALSE,0,3,7,1430,0,1949,0,98117,47.6895,-122.37
349,4,2.5,1830,4694,2,FALSE,0,3,7,1830,0,2003,0,98038,47.3573,-122.016
485,3,1.75,1950,10080,1,FALSE,0,4,7,1950,0,1967,0,98034,47.7282,-122.186
425,3,1,980,4800,1.5,FALSE,0,3,7,980,0,1926,0,98118,47.5663,-122.274
585,2,2,1370,7920,1,FALSE,0,3,8,950,420,1949,0,98199,47.6589,-122.397
559.95,3,2.5,2120,4310,2,FALSE,0,3,7,2120,0,2001,0,98053,47.687,-122.037
250,4,1,1550,7296,1.5,FALSE,0,3,6,1550,0,1957,0,98106,47.5184,-122.366
935,5,3,2700,5001,2,FALSE,0,3,10,2700,0,2009,0,98115,47.6811,-122.288
450,2,2,1100,3000,1.5,FALSE,0,3,7,1100,0,1912,2005,98117,47.6797,-122.362
483,4,1.5,1220,3780,1.5,FALSE,0,3,7,1220,0,1927,0,98107,47.6667,-122.36
355,3,2.25,1860,5028,2,FALSE,0,3,8,1860,0,2012,0,98019,47.7318,-121.982
496.5,3,2.5,2260,3640,2,FALSE,0,3,8,2260,0,1994,0,98072,47.7356,-122.157
835,3,1.75,1490,3840,2,FALSE,0,3,8,1490,0,1984,2014,98033,47.6916,-122.214
299.8,2,1,790,5240,1,FALSE,0,4,6,790,0,1925,0,98118,47.5303,-122.288
590,4,2.5,2380,4950,2,FALSE,0,3,8,2380,0,2004,0,98136,47.5382,-122.391
345,3,1,1140,4200,2,FALSE,0,4,7,1140,0,1904,0,98144,47.6012,-122.296
300,3,1,970,12300,1,FALSE,0,3,7,970,0,1982,0,98028,47.7335,-122.227
225,2,1,910,9612,1,FALSE,0,4,7,910,0,1981,0,98058,47.4297,-122.152
92,2,1,760,5500,1.5,FALSE,0,3,5,760,0,1947,0,98168,47.5045,-122.329
549,3,1.75,1540,1044,3,FALSE,0,3,8,1540,0,2014,0,98115,47.6765,-122.32
860,5,2.25,3480,9200,2,FALSE,0,3,8,3480,0,1979,0,98006,47.5585,-122.153
525,4,2.25,1580,7307,1,FALSE,0,3,8,1160,420,1973,0,98027,47.569,-122.086
435,3,2,1610,6911,1,FALSE,0,3,7,1260,350,1988,0,98034,47.7188,-122.177
530,2,2.5,1900,2983,2,FALSE,0,3,8,1900,0,2006,0,98053,47.7029,-122.015
345,3,1,1120,10176,1,FALSE,0,3,6,920,200,1905,0,98118,47.5235,-122.277
209.95,3,1.75,1100,5525,1,FALSE,0,5,6,1100,0,1968,0,98042,47.3625,-122.084
324,2,1,1070,6000,1,FALSE,0,3,7,1070,0,1955,0,98133,47.7307,-122.332
725,6,1.75,2380,4080,2,FALSE,0,3,8,2380,0,1917,0,98105,47.6629,-122.325
375,3,1,1200,5404,1,FALSE,0,3,6,1200,0,1937,0,98117,47.6969,-122.368
390,3,1.5,1650,8676,1,FALSE,0,4,8,1130,520,1979,0,98133,47.7471,-122.352
439.95,3,2.5,1540,7773,2,FALSE,0,4,8,1540,0,1982,0,98034,47.722,-122.194
790,4,1.75,2460,10061,1,TRUE,4,3,7,1410,1050,1961,0,98178,47.5105,-122.238
350,4,1,1170,8147,1.5,FALSE,0,3,6,1170,0,1959,0,98125,47.7281,-122.289
555,3,2.5,2690,4819,2,FALSE,0,3,7,2690,0,2004,0,98065,47.5302,-121.849
632.75,4,2,1800,4800,1.5,FALSE,0,3,7,1800,0,1918,0,98112,47.6388,-122.302
435,4,2.25,1910,8400,2,FALSE,0,3,7,1910,0,1975,0,98072,47.7352,-122.175
518.5,4,3,2120,5520,1.5,FALSE,0,3,8,1420,700,1985,0,98125,47.7085,-122.286
417.5,4,1,1390,10800,1.5,FALSE,0,4,7,1390,0,1941,0,98177,47.7248,-122.359
475,3,2.5,950,1110,2,FALSE,0,3,8,950,0,2003,0,98102,47.6226,-122.319
400,3,2.5,1450,8064,1,FALSE,0,3,8,1450,0,1984,0,98074,47.6256,-122.037
220,3,2.5,1980,11900,2,FALSE,0,3,8,1980,0,1990,0,98092,47.2656,-122.217
515.5,4,2.5,2920,7700,2,FALSE,0,3,9,2920,0,2003,0,98019,47.7351,-121.975
290,3,1,1440,11250,1,FALSE,0,3,7,1440,0,1967,0,98055,47.4627,-122.213
303,2,1,1020,9200,1,FALSE,0,3,7,1020,0,1978,0,98045,47.4461,-121.769
875,3,2.5,1690,10592,1,FALSE,0,3,8,1690,0,1973,2009,98040,47.58,-122.231
358,3,1,940,6695,1,FALSE,0,4,6,940,0,1959,0,98008,47.6195,-122.12
600,4,2.5,3010,7953,2,FALSE,0,3,9,3010,0,2000,0,98056,47.522,-122.19
425,2,1,750,4000,1,FALSE,0,2,6,750,0,1933,0,98108,47.54,-122.32
500,4,3,2450,4668,2,FALSE,0,3,8,2450,0,2004,0,98028,47.7721,-122.235
294,3,1,1250,9427,1,FALSE,0,3,6,1250,0,1931,0,98034,47.7254,-122.175
299,4,2.5,1950,3000,2,FALSE,0,3,7,1950,0,2002,0,98178,47.4977,-122.226
342,3,1.75,1780,10409,1,FALSE,0,3,7,1280,500,1981,0,98058,47.4627,-122.168
255,3,2.25,1740,10378,1,FALSE,0,5,7,1740,0,1977,0,98042,47.3815,-122.09
265,3,1.75,2200,7200,1,FALSE,0,3,8,1270,930,1962,0,98032,47.3745,-122.276
388,4,2.5,2560,5800,2,FALSE,0,3,9,2560,0,2005,0,98038,47.3474,-122.025
905,4,2.5,3330,9557,2,FALSE,0,3,10,3330,0,1995,0,98006,47.5526,-122.102
700,4,2.75,2870,8625,1,FALSE,1,4,8,1860,1010,1959,0,98155,47.7425,-122.289
540,3,2.5,2860,8935,2,FALSE,0,3,8,2860,0,2004,0,98065,47.5336,-121.855
273.95,3,2.25,1570,3109,2,FALSE,0,3,8,1570,0,2002,0,98092,47.3258,-122.186
219,3,1.5,1060,9600,1,FALSE,0,4,7,1060,0,1962,0,98023,47.3229,-122.348
347.5,3,2.5,1890,7053,2,FALSE,0,4,8,1890,0,1992,0,98031,47.3967,-122.183
225,3,2.25,2510,12013,2,FALSE,0,3,8,2510,0,1988,0,98003,47.3473,-122.314
155,2,1,700,5200,1,FALSE,0,5,6,700,0,1952,0,98056,47.4924,-122.175
530,5,2.75,2500,7140,1,FALSE,0,4,7,1250,1250,1968,0,98008,47.6225,-122.108
360,4,2.5,1900,5889,2,FALSE,0,3,7,1900,0,1992,0,98038,47.349,-122.031
409.5,4,2.75,2140,13000,1,FALSE,0,3,7,1320,820,1968,0,98028,47.7683,-122.252
525,1,1.5,1030,5923,1,FALSE,0,3,8,1030,0,1940,0,98105,47.6653,-122.305
530,4,3,2240,5580,2,FALSE,0,5,7,1830,410,1949,0,98118,47.5598,-122.27
186,3,2,1340,4320,1,FALSE,0,3,5,920,420,1912,1993,98002,47.299,-122.228
248,4,2,2080,13510,1,FALSE,0,3,7,1040,1040,1950,0,98178,47.4918,-122.258
442.5,3,1.75,1600,10280,1,FALSE,0,3,7,1050,550,1977,0,98034,47.725,-122.174
650,4,2.75,2610,4160,3,FALSE,0,5,8,1910,700,1910,0,98103,47.6901,-122.357
400,4,2,2060,3060,2,FALSE,0,3,7,2060,0,1968,0,98118,47.5631,-122.285
295,3,2.5,1560,4200,2,FALSE,0,3,7,1560,0,2003,0,98038,47.3838,-122.026
448,3,2.25,1530,3056,2,FALSE,0,3,7,1530,0,2003,0,98053,47.6817,-122.035
649,2,1,1280,4840,1,FALSE,0,3,7,1200,80,1908,0,98115,47.6762,-122.299
358,5,2.5,2460,5604,2,FALSE,0,3,8,2460,0,2011,0,98038,47.3658,-122.037
230,3,1,1380,10112,1,FALSE,0,4,7,940,440,1963,0,98023,47.3196,-122.351
435,5,1,1410,6750,1.5,FALSE,0,3,6,1410,0,1929,0,98118,47.5453,-122.278
516.2,3,2,2110,5150,1,FALSE,0,5,6,1080,1030,1919,0,98118,47.5521,-122.271
505,3,2,1110,8375,1,FALSE,0,5,7,1110,0,1951,0,98115,47.6978,-122.297
249.9,3,2.5,1610,3517,2,FALSE,0,3,8,1610,0,2005,0,98055,47.4496,-122.189
529,2,2.5,1320,1395,2,FALSE,0,3,8,990,330,2014,0,98107,47.6689,-122.362
455,2,1.5,1260,5100,1,FALSE,0,3,7,1260,0,1941,0,98115,47.6914,-122.288
462.5,4,1,1540,4500,1.5,FALSE,0,2,7,1540,0,1905,0,98116,47.587,-122.384
202,2,1,740,6550,1,FALSE,0,4,5,740,0,1946,0,98168,47.4807,-122.332
635,3,3,2290,1407,2.5,FALSE,0,3,8,1890,400,2014,0,98027,47.5446,-122.017
638,3,3.25,1720,1587,2.5,FALSE,2,3,9,1410,310,2004,0,98122,47.6187,-122.299
462.6,3,2,1320,4000,1,FALSE,0,4,6,1020,300,1940,0,98118,47.5515,-122.262
327,4,1.75,1840,5100,1,FALSE,0,4,5,1840,0,1933,0,98056,47.5209,-122.205
237.6,2,1,1370,11584,1,FALSE,0,4,6,1370,0,1950,0,98198,47.4224,-122.293
435,3,3,1440,1350,3.5,FALSE,2,3,8,1440,0,2005,0,98103,47.6525,-122.345
234,3,1.75,1480,8475,1,FALSE,0,4,7,1480,0,1968,0,98023,47.3126,-122.361
782,4,1.75,1500,6820,1.5,FALSE,0,5,7,1500,0,1905,0,98117,47.6794,-122.37
490,3,2,2220,10275,2,FALSE,0,3,9,1640,580,1980,0,98027,47.5304,-122.055
465,3,2.25,1450,1540,2,FALSE,0,3,8,1180,270,2005,0,98107,47.6685,-122.365
499.95,2,2.25,1060,1208,2,FALSE,0,3,8,940,120,2005,0,98102,47.6371,-122.327
340,2,2,1250,1178,2,FALSE,0,3,7,980,270,1996,0,98136,47.5426,-122.387
369.95,3,1,2430,10720,1,FALSE,0,3,7,2430,0,1977,0,98045,47.4895,-121.787
365,3,2.5,2200,7350,1,FALSE,0,5,8,1570,630,1988,0,98058,47.4395,-122.161
506,2,1,1060,3588,1,FALSE,0,4,7,960,100,1926,0,98107,47.6721,-122.395
775,4,2.5,2040,5000,1.5,FALSE,0,5,7,1180,860,1924,0,98117,47.6786,-122.36
675,4,2.75,2240,8937,1,FALSE,0,4,8,1460,780,1976,0,98033,47.6495,-122.194
433.5,3,1.75,1540,9450,1,FALSE,0,4,6,1040,500,1919,0,98103,47.6985,-122.348
165,2,1,780,6380,1,FALSE,0,3,6,780,0,1947,0,98106,47.5423,-122.351
159.075,4,1.5,1580,6200,1,FALSE,0,3,6,790,790,1944,0,98178,47.4971,-122.24
499,2,1.5,1540,6549,2,FALSE,0,3,7,1540,0,1980,0,98133,47.7189,-122.353
225,3,2.5,1680,6755,2,FALSE,0,3,8,1680,0,1994,0,98092,47.3293,-122.17
375,2,2.25,1640,2240,2,FALSE,0,3,8,1640,0,1980,0,98133,47.7154,-122.341
527.5,5,2.25,2530,8250,2,FALSE,0,4,7,2530,0,1961,0,98007,47.6117,-122.134
561.5,3,1.75,1960,6380,1,FALSE,0,4,7,980,980,1939,0,98115,47.6975,-122.316
467,4,2.75,2170,5024,2,FALSE,0,3,8,2170,0,2012,0,98059,47.495,-122.145
550,3,2.5,1740,3082,2,FALSE,0,3,8,1740,0,2000,0,98029,47.5489,-122.006
425,4,1.75,2520,11017,1,FALSE,0,4,7,1320,1200,1956,0,98133,47.7604,-122.356
840,3,2.5,2060,9715,2,FALSE,0,3,8,2060,0,1924,2006,98115,47.6961,-122.316
879.95,4,2.75,3020,7203,2,FALSE,0,3,9,3020,0,2014,0,98033,47.6948,-122.178
255,4,2.75,1760,9222,1,FALSE,0,3,7,1140,620,1971,0,98023,47.3099,-122.362
388,3,1.75,1350,2325,3,FALSE,0,3,7,1350,0,1999,0,98103,47.6965,-122.35
474,2,1,1090,3160,1,FALSE,0,3,7,840,250,1926,0,98109,47.6385,-122.344
396,3,1.5,1300,8280,1,FALSE,0,5,7,1300,0,1956,0,98028,47.7403,-122.256
495,4,2.25,2350,10072,2,FALSE,0,3,8,2350,0,1980,0,98011,47.7628,-122.168
830,3,3,2080,10521,1.5,FALSE,0,3,9,2080,0,2004,0,98034,47.6987,-122.228
497,3,2.25,1450,1387,3,FALSE,0,3,8,1450,0,2000,0,98115,47.6765,-122.302
320,2,1,1140,3834,1.5,FALSE,0,3,6,1140,0,1911,0,98126,47.5642,-122.378
384,5,2.75,3220,8160,2,FALSE,0,3,9,3220,0,1999,0,98001,47.3154,-122.254
424.95,4,2.5,2760,5564,2,FALSE,0,3,7,2760,0,2001,0,98056,47.4814,-122.189
300,4,2.5,2070,7476,2,FALSE,0,3,8,2070,0,2003,0,98092,47.3352,-122.189
577,2,1.75,1620,4879,1,FALSE,0,3,7,1040,580,1924,2011,98116,47.5703,-122.385
417,3,2.25,1840,11403,2,FALSE,0,3,8,1840,0,1993,0,98045,47.4862,-121.797
267.345,4,2.25,2510,8165,1,FALSE,0,4,7,1610,900,1972,0,98023,47.3092,-122.372
688,3,1.5,1760,4880,1.5,FALSE,3,3,8,1290,470,1928,0,98136,47.5334,-122.388
499.9,4,3,2180,12196,2,FALSE,0,4,7,2180,0,1968,0,98027,47.5338,-122.033
625,3,2.5,2600,10092,1,FALSE,0,3,9,2600,0,1984,0,98074,47.6223,-122.032
696,6,3.25,2900,6400,2,FALSE,0,4,8,2300,600,1977,0,98199,47.6464,-122.401
834.95,5,3.5,3630,4911,2,FALSE,0,3,9,2790,840,2014,0,98034,47.718,-122.156
559.95,5,3,2730,9519,1,FALSE,0,3,8,1670,1060,2014,0,98155,47.7504,-122.307
290,3,2.25,1500,7482,1,FALSE,0,4,7,1210,290,1968,0,98055,47.4619,-122.187
698,3,1.5,1090,7200,1,FALSE,0,4,7,1090,0,1958,0,98040,47.5817,-122.241
342,3,2.25,1200,2845,2,FALSE,0,3,7,1200,0,1986,0,98034,47.7151,-122.203
718,3,2.5,2070,7200,2,FALSE,0,3,8,2070,0,2001,0,98033,47.6946,-122.211
521.9,3,2.5,2100,12338,2,FALSE,0,3,9,2100,0,1997,0,98072,47.7412,-122.168
660,3,2,2080,5750,1,FALSE,0,5,7,1040,1040,1926,0,98116,47.5791,-122.392
333,3,1,1250,8450,1,FALSE,0,4,7,1250,0,1954,0,98146,47.503,-122.364
657,4,2.5,2180,3375,1.5,FALSE,0,4,7,1420,760,1926,0,98117,47.6846,-122.361
430,3,1,1210,5200,1,FALSE,0,3,6,1210,0,1941,0,98126,47.531,-122.373
450,3,2.5,1530,762,2,FALSE,0,3,8,1050,480,2007,0,98119,47.642,-122.374
568,3,1.75,2050,3520,1,FALSE,0,4,7,1070,980,1977,0,98136,47.5536,-122.399
262.5,2,1.5,1140,14373,1,FALSE,0,3,7,1140,0,1949,1996,98011,47.7354,-122.219
630,4,2.5,3220,14463,2,FALSE,0,3,8,3220,0,1978,0,98074,47.6261,-122.047
410.5,3,1,1150,6800,1,FALSE,0,3,7,1150,0,1954,0,98133,47.727,-122.339
603.5,6,2.75,2660,8400,1,FALSE,0,5,8,1550,1110,1962,0,98006,47.549,-122.173
330,3,1,1160,7912,1,FALSE,0,4,7,1160,0,1956,0,98125,47.7336,-122.306
470,3,1.75,1310,8600,1,FALSE,0,4,7,1310,0,1987,0,98033,47.686,-122.185
608,2,1,1390,3600,1,FALSE,0,4,7,1010,380,1913,0,98119,47.6422,-122.36
390,3,1.75,1435,8960,1,FALSE,0,4,8,1435,0,1969,0,98058,47.4525,-122.149
271.9,3,2,1450,8771,2,FALSE,0,4,7,1450,0,1991,0,98022,47.1947,-121.989
272,5,1.5,2550,6300,1,FALSE,0,4,7,1560,990,1959,0,98056,47.5014,-122.172
265,4,2.5,2040,4443,2,FALSE,0,3,8,2040,0,2001,0,98092,47.3182,-122.189
210,3,2.25,1430,9150,1,FALSE,0,3,7,1070,360,1984,0,98023,47.3239,-122.35
535,3,3.25,2670,5108,2,FALSE,2,3,9,2670,0,2000,0,98065,47.5342,-121.866
335,4,2.5,1900,3301,2,FALSE,0,3,7,1900,0,2007,0,98178,47.489,-122.249
448,2,2,1670,7772,1,FALSE,0,4,6,860,810,1919,0,98126,47.5461,-122.377
315,4,2.25,1880,9163,2,FALSE,0,3,8,1880,0,1981,0,98058,47.4362,-122.165
290,2,0.75,440,8313,1,TRUE,3,4,5,440,0,1943,0,98070,47.4339,-122.512
545,2,1.5,1620,3760,2,FALSE,0,5,7,1170,450,1924,0,98144,47.6012,-122.291
295,4,2.5,2290,4539,2,FALSE,0,3,7,2290,0,2001,0,98058,47.4753,-122.172
450,3,1.5,1390,10530,1,FALSE,0,3,7,1390,0,1961,0,98033,47.7025,-122.196
226.8,2,1,1240,11393,1,FALSE,0,4,7,1240,0,1960,0,98030,47.3714,-122.207
392.8,3,2,1080,11856,1,FALSE,0,5,7,1080,0,1986,0,98033,47.6955,-122.175
326,6,3,2580,8064,1.5,FALSE,0,3,7,1880,700,1913,0,98118,47.5549,-122.287
285,3,1.75,2380,6000,1.5,FALSE,0,3,7,1320,1060,1935,0,98178,47.498,-122.222
660,3,2,1770,8141,1,FALSE,0,5,8,1770,0,1952,0,98177,47.7232,-122.371
299,3,2.5,1650,4725,2,FALSE,0,3,8,1650,0,2011,0,98038,47.3548,-122.055
550,3,1.5,1730,5750,1,FALSE,0,3,7,1250,480,1947,0,98116,47.5645,-122.397
188,3,1.75,1660,7350,1,FALSE,0,2,8,1660,0,1979,0,98023,47.3118,-122.337
405,4,2.5,2220,4652,2,FALSE,0,3,7,2220,0,2001,0,98059,47.4902,-122.154
505.4,3,1.75,1640,3400,1,FALSE,0,4,7,930,710,1926,0,98105,47.6694,-122.3
678,3,2.75,2770,10000,1,FALSE,1,5,8,1640,1130,1962,0,98033,47.7011,-122.206
547,2,1,1370,10038,1.5,FALSE,0,4,7,1370,0,1922,0,98133,47.719,-122.339
406,4,1,1580,8475,1.5,FALSE,2,4,7,1580,0,1928,0,98178,47.5104,-122.254
690,4,1.5,1970,4590,2.5,FALSE,0,3,7,1970,0,1909,0,98103,47.666,-122.332
309.95,3,2.25,1990,6350,2,FALSE,0,3,7,1990,0,1967,0,98198,47.3822,-122.316
852,4,2.5,2620,7328,2,FALSE,0,3,8,2620,0,1983,0,98118,47.5514,-122.263
272,4,2.25,2115,6234,2,FALSE,0,3,7,2115,0,1998,0,98002,47.285,-122.201
425,3,2.25,1870,9000,1,FALSE,0,3,7,1440,430,1978,0,98011,47.7373,-122.198
910,4,3.25,3340,10890,1.5,FALSE,0,3,9,2240,1100,1963,2000,98052,47.6677,-122.136
527.5,4,2.25,2270,8480,1,FALSE,0,5,8,1310,960,1973,0,98006,47.5448,-122.174
965,4,2.5,3420,9575,2,FALSE,0,3,11,3420,0,1994,0,98027,47.5527,-122.095
630,3,2,1470,6000,1,FALSE,0,3,8,1090,380,1950,1996,98033,47.6829,-122.202
445,3,2.25,1990,7340,2,FALSE,0,3,8,1990,0,1984,0,98072,47.7579,-122.141
540,5,1,2480,4400,1.5,FALSE,0,3,7,1640,840,1919,0,98122,47.6046,-122.3
333,5,1.75,1240,8936,1,FALSE,0,3,7,1240,0,1954,0,98006,47.5738,-122.136
155,2,1,910,6232,1,FALSE,0,3,6,910,0,1943,0,98118,47.5328,-122.272
290,4,1,1330,8184,1.5,FALSE,0,3,7,1330,0,1949,0,98133,47.7343,-122.347
625,3,2.75,2240,3600,2.5,FALSE,0,3,7,1650,590,1901,0,98102,47.6244,-122.326
299,4,2.25,1870,6693,2,FALSE,0,3,7,1870,0,1996,0,98003,47.2774,-122.299
601,4,2.5,2080,5191,2,FALSE,0,3,8,2080,0,2001,0,98075,47.5978,-122.017
305,3,2.25,1646,12414,2,FALSE,0,3,7,1646,0,1996,0,98038,47.363,-122.035
362.5,2,1.5,940,1768,2,FALSE,0,3,7,940,0,2009,0,98144,47.5925,-122.295
689.888,4,2.25,1930,3500,1.5,FALSE,0,5,8,1540,390,1916,0,98122,47.6167,-122.29
259.95,2,1,770,6542,1,FALSE,0,3,6,770,0,1948,0,98155,47.747,-122.301
345,3,1,1390,2640,1.5,FALSE,0,3,7,1230,160,1903,0,98122,47.6078,-122.307
500,2,1.5,1520,8040,1,FALSE,0,5,7,1520,0,1951,0,98125,47.7131,-122.306
378.95,4,2,1820,8400,1,FALSE,0,5,7,1300,520,1956,0,98155,47.7615,-122.329
485,4,2.75,1830,8384,1,FALSE,0,3,7,1320,510,1979,0,98034,47.733,-122.22
355,4,2.5,2130,9268,2,FALSE,0,4,8,2130,0,1985,0,98092,47.262,-122.22
725,4,3,2420,12000,1,FALSE,0,3,9,2420,0,1984,0,98077,47.7267,-122.063
533,5,2.75,1800,3780,1.5,FALSE,0,3,7,1400,400,1926,0,98103,47.6831,-122.343
365.07,4,2.5,2506,6232,2,FALSE,0,3,7,2506,0,2006,0,98030,47.3734,-122.182
294.5,3,2.5,1760,2688,2,FALSE,0,3,7,1760,0,2005,0,98059,47.4903,-122.166
255,3,2,1500,8775,1,FALSE,0,3,6,1390,110,1943,0,98166,47.4809,-122.335
300,3,2.5,2240,3691,2,FALSE,0,3,7,2240,0,2003,0,98092,47.3364,-122.169
600,2,1.75,1560,3200,1,FALSE,0,5,7,880,680,1946,0,98199,47.6419,-122.394
870.515,4,3.5,3600,5697,2,FALSE,0,3,9,2940,660,2014,0,98075,47.5755,-122.071
299,2,1.5,1160,3838,2,FALSE,0,3,7,1160,0,1983,0,98034,47.7255,-122.164
342,3,2.5,1960,3540,2,FALSE,0,3,8,1960,0,2012,0,98038,47.3568,-122.055
330,3,2.5,1990,9995,2,FALSE,0,3,7,1990,0,1996,0,98198,47.383,-122.305
459,3,1.75,1620,7330,1,FALSE,0,4,7,1090,530,1974,0,98034,47.7148,-122.213
710.2,4,3,1670,2642,2,FALSE,0,3,8,1350,320,2008,0,98109,47.6397,-122.345
733,4,1.75,1930,3876,1.5,FALSE,0,5,7,1450,480,1924,0,98105,47.6604,-122.324
219.95,3,1,1300,9620,1,FALSE,0,3,7,1300,0,1971,0,98003,47.282,-122.331
114.975,2,1,740,6250,1,FALSE,0,3,6,740,0,1942,0,98146,47.506,-122.335
208,3,1.5,1210,7247,1,FALSE,0,4,7,1210,0,1967,0,98003,47.328,-122.321
495,3,1.75,1890,6557,1,FALSE,0,3,8,1890,0,1967,0,98125,47.7032,-122.286
434.9,3,2,1520,11067,1,FALSE,0,3,7,1140,380,1983,0,98074,47.6326,-122.033
544,4,2.5,2340,6973,2,FALSE,0,3,8,1930,410,2005,0,98065,47.5451,-121.882
788,4,2.5,2680,8778,2,FALSE,0,4,8,2680,0,1977,0,98006,47.5516,-122.161
152,3,1.75,1070,7754,1,FALSE,0,3,6,1070,0,1953,0,98146,47.5079,-122.344
339,3,2.25,1970,7210,1,FALSE,0,4,8,1380,590,1978,0,98030,47.3821,-122.171
464.95,4,2.5,1640,6000,2,FALSE,0,3,7,1640,0,2011,0,98106,47.559,-122.365
377.5,3,2.25,1410,1377,2,FALSE,0,3,7,1290,120,2005,0,98027,47.5342,-122.067
680,2,2,1450,989,3,FALSE,0,3,9,1450,0,2014,0,98109,47.6354,-122.346
356,3,2.5,1590,3411,2,FALSE,0,3,7,1590,0,2000,0,98065,47.5303,-121.878
330,5,2.75,2390,6282,1,FALSE,0,4,7,1290,1100,1966,0,98118,47.5149,-122.263
325,3,2.25,1890,9646,1,FALSE,0,3,8,1890,0,1966,0,98168,47.4838,-122.299
235,2,1,910,7617,1,FALSE,0,3,6,910,0,1936,0,98125,47.7332,-122.305
525,3,1.5,1940,5625,1,FALSE,0,4,7,1440,500,1941,0,98117,47.6818,-122.388
612,3,2.5,2180,5496,2,FALSE,0,3,8,2180,0,1994,0,98029,47.5723,-122.007
421,4,2.25,1310,8400,1,FALSE,0,4,7,1310,0,1966,0,98034,47.7317,-122.181
150,3,1,890,6488,1.5,FALSE,0,3,5,890,0,1928,0,98014,47.7087,-121.352
355,3,1.5,1370,4790,2,FALSE,0,4,7,1370,0,1982,0,98034,47.7253,-122.164
424.95,2,1.5,1000,1188,3,FALSE,0,3,8,1000,0,2005,0,98115,47.6823,-122.327
599.95,6,3,2020,4129,1,FALSE,0,3,7,1230,790,1994,0,98105,47.6648,-122.324
569.5,4,2.5,2340,8248,2,FALSE,0,3,8,2340,0,1989,0,98074,47.6314,-122.03
659,3,1.5,1540,5040,2,FALSE,0,3,8,1540,0,1907,0,98122,47.6138,-122.299
261,2,1,970,12500,1,FALSE,0,3,6,970,0,1941,0,98168,47.5102,-122.33
429.95,4,2.25,1740,10875,1,FALSE,0,3,8,1740,0,1967,0,98059,47.5132,-122.157
339,3,2.5,1450,3748,2,FALSE,0,3,7,1450,0,2004,0,98065,47.532,-121.85
710,3,1,1400,2250,1.5,FALSE,0,3,7,1400,0,1909,0,98119,47.6373,-122.358
350,2,1.75,1740,6620,1.5,FALSE,0,3,8,1740,0,2002,0,98065,47.526,-121.828
459.5,2,1,1250,3825,1,FALSE,0,3,7,850,400,1929,0,98117,47.6805,-122.38
641,5,2.75,3710,8674,2,FALSE,0,3,9,3710,0,1996,0,98056,47.514,-122.176
375,4,2.5,2800,5000,2,FALSE,0,3,9,2800,0,2006,0,98038,47.3596,-122.036
570,3,1,1030,4089,1.5,FALSE,0,3,7,1030,0,1927,0,98116,47.574,-122.385
367.5,5,3,2980,10064,1,FALSE,0,3,7,1680,1300,1940,0,98155,47.7372,-122.316
395,3,1.75,1740,6220,1,FALSE,0,4,6,1740,0,1954,0,98177,47.762,-122.362
850,4,2.5,3180,11652,2,FALSE,1,3,9,3180,0,1977,0,98040,47.567,-122.212
535,4,2,1970,3515,1,FALSE,0,5,8,1030,940,1969,0,98115,47.6873,-122.314
262,3,2.5,1700,6200,2,FALSE,0,3,8,1700,0,1997,0,98092,47.2621,-122.221
230.95,2,1,930,12724,1,FALSE,0,4,6,930,0,1912,0,98014,47.6567,-121.909
200,3,1.5,1210,10588,1,FALSE,0,4,7,1210,0,1958,0,98002,47.2876,-122.212
518,3,1.5,1430,8000,1,FALSE,0,4,7,1430,0,1956,0,98007,47.5874,-122.136
299,1,1,740,5000,1,FALSE,0,3,7,740,0,1923,0,98118,47.5519,-122.292
230,3,1.75,1010,9600,1,FALSE,0,5,7,1010,0,1969,0,98042,47.3828,-122.09
400.95,4,2.5,2578,4554,2,FALSE,0,3,9,2578,0,2014,0,98092,47.2603,-122.194
700,4,1.75,2340,9100,1,FALSE,0,3,8,1610,730,1975,0,98052,47.6401,-122.108
245,4,2.25,2050,7700,2,FALSE,0,3,7,2050,0,1977,0,98023,47.3009,-122.375
278.5,4,1,1540,8400,1,FALSE,0,3,7,770,770,1971,0,98058,47.4278,-122.152
268.5,4,1.75,1420,7500,1,FALSE,0,4,7,1080,340,1981,0,98031,47.4025,-122.176
599.9,3,1.5,2605,12030,1,FALSE,0,3,8,1355,1250,2003,0,98019,47.7725,-121.899
555,2,1.5,1780,4750,1,FALSE,0,4,7,1080,700,1947,0,98117,47.6859,-122.395
305,3,2.5,1714,3240,2,FALSE,0,3,8,1714,0,2005,0,98055,47.4288,-122.19
680,6,2,1670,3000,1,FALSE,0,5,7,900,770,1911,0,98105,47.6637,-122.316
822.6,4,2.5,3010,9600,1,FALSE,2,3,9,1510,1500,1979,0,98006,47.5519,-122.156
394,5,3.25,3620,4650,2,FALSE,0,3,8,2790,830,2004,0,98038,47.3552,-122.026
205,3,1.5,1420,5000,1,FALSE,0,3,7,920,500,1987,0,98198,47.4192,-122.33
238.95,2,1,1190,11400,1,FALSE,0,3,7,1190,0,1951,0,98178,47.5012,-122.265
449.9,3,1.75,1760,8266,1,FALSE,0,5,7,1760,0,1954,0,98133,47.7708,-122.339
680,3,2.5,1610,8064,1,FALSE,2,4,7,1160,450,1981,0,98033,47.6818,-122.189
560,3,1,1140,7028,1,FALSE,0,3,8,1140,0,1931,0,98115,47.6948,-122.322
340,3,1.75,1730,11986,1,FALSE,3,5,6,1730,0,1918,0,98198,47.3595,-122.323
331,3,1.75,1300,9079,1,FALSE,0,3,7,1300,0,1986,0,98059,47.4834,-122.159
975,3,2.5,3050,7410,1.5,FALSE,0,5,8,1950,1100,1950,0,98115,47.6772,-122.296
598.5,3,3,1560,2091,3,FALSE,0,3,8,1560,0,2006,0,98103,47.6604,-122.352
945,4,2.25,2420,9000,1,FALSE,4,5,9,2000,420,1967,0,98146,47.4884,-122.363
257.5,1,1,710,6060,1,FALSE,0,4,6,710,0,1916,0,98118,47.5621,-122.283
370,3,1,1320,7341,1,FALSE,0,3,7,1320,0,1982,0,98155,47.7367,-122.295
656,3,1.75,1480,7475,1.5,FALSE,0,3,8,1480,0,1943,0,98115,47.6732,-122.272
315,1,2.25,1940,2550,2,FALSE,0,4,7,1100,840,1979,0,98133,47.7313,-122.343
445,4,1.75,1250,7400,1,FALSE,0,5,6,1250,0,1959,0,98008,47.62,-122.12
444.9,4,2.5,3120,7448,2,FALSE,0,3,9,3120,0,1998,0,98042,47.3645,-122.126
875,4,1,1670,4600,1.5,FALSE,0,5,8,1670,0,1906,0,98103,47.6838,-122.332
605,3,2,2660,4500,1,FALSE,0,4,7,1330,1330,1922,0,98199,47.6391,-122.403
163.5,2,1.5,1050,3419,2,FALSE,0,3,7,1050,0,1996,0,98038,47.3848,-122.039
387,3,1,1230,9568,1,FALSE,0,5,7,1230,0,1962,0,98056,47.539,-122.179
205,4,1.5,1420,8063,1,FALSE,0,3,7,940,480,1962,0,98198,47.4174,-122.316
330,3,1.5,1170,4950,1,FALSE,0,4,7,1170,0,1960,0,98007,47.6057,-122.135
436,4,2.75,2080,9600,1,FALSE,0,3,8,1240,840,1979,0,98034,47.7149,-122.235
305,4,2,1780,5043,1,FALSE,0,3,7,870,910,1993,0,98133,47.7045,-122.342
595,4,2.5,1990,2175,2,FALSE,0,3,8,1680,310,2005,0,98107,47.6696,-122.371
535,4,2.5,2340,5600,2,FALSE,0,3,7,2340,0,1921,2013,98146,47.5117,-122.379
315,4,1,1300,8400,1.5,FALSE,0,4,7,1300,0,1953,0,98133,47.7612,-122.332
930,3,1.75,2460,4240,1,FALSE,0,4,7,1230,1230,1925,0,98103,47.6593,-122.337
730,4,1.5,2340,5000,2,FALSE,0,3,8,2100,240,1912,0,98122,47.6065,-122.291
635,5,2.25,2180,6000,1,FALSE,0,4,8,1430,750,1966,0,98007,47.6235,-122.143
337,3,1,1070,6109,1,FALSE,0,5,7,1070,0,1951,0,98125,47.7207,-122.32
339.888,3,1,1040,7490,1,FALSE,0,3,7,1040,0,1969,0,98034,47.7137,-122.213
786,4,3.5,3320,8808,2,FALSE,0,3,9,3320,0,2005,0,98075,47.592,-121.989
241,3,1.5,1660,8000,1,FALSE,0,4,7,1120,540,1976,0,98030,47.353,-122.172
228,2,1,1060,6100,1,FALSE,0,3,6,1060,0,1951,0,98125,47.7317,-122.296
810,5,3.5,3550,9600,2,FALSE,0,3,9,2550,1000,1998,0,98118,47.5484,-122.269
387,3,1.75,1810,10800,1,FALSE,0,5,8,1210,600,1968,0,98056,47.5236,-122.184
650,3,1,1430,4240,1.5,FALSE,0,3,7,1430,0,1924,0,98103,47.6595,-122.337
400,5,2.25,2070,10488,1,FALSE,0,4,7,1080,990,1958,0,98008,47.6095,-122.122
311.1,4,2.25,2130,8078,1,FALSE,0,4,7,1380,750,1977,0,98055,47.4482,-122.209
352.75,2,1.75,1060,1241,2,FALSE,0,3,7,960,100,2008,0,98144,47.5999,-122.3
705,2,2.5,2305,5580,1,FALSE,0,3,8,2305,0,2007,0,98077,47.7203,-122.024
389,3,1,1330,3740,1.5,FALSE,0,3,6,1330,0,1903,0,98118,47.5502,-122.274
395,2,1,1320,1824,1.5,FALSE,0,4,6,1320,0,1909,0,98144,47.585,-122.294
685,4,2.75,1660,5150,1.5,FALSE,0,5,7,1280,380,1928,0,98117,47.6835,-122.362
217,2,1,720,4760,1,FALSE,0,5,5,720,0,1942,0,98056,47.496,-122.186
533,3,1,1670,4080,1,FALSE,0,3,7,1170,500,1967,0,98115,47.6899,-122.321
187,2,1.75,1020,10346,1,FALSE,0,4,6,1020,0,1983,0,98022,47.1958,-122.002
907.5,3,2.25,2850,6281,2,FALSE,2,4,7,1900,950,1947,0,98115,47.6911,-122.326
360,3,1.75,1560,7930,2,FALSE,0,4,7,1560,0,1980,0,98059,47.4779,-122.161
415,4,3,1830,9548,2,FALSE,0,3,7,1830,0,1991,0,98028,47.7379,-122.224
205,3,1,860,7467,1,FALSE,0,3,6,860,0,1944,0,98178,47.4947,-122.237
470,2,1,900,5512,1,FALSE,0,3,7,900,0,1947,0,98115,47.6877,-122.289
340,3,2,1920,5688,1,FALSE,3,3,9,1920,0,2007,0,98022,47.1952,-121.976
285,1,1.5,810,3211,2,FALSE,0,4,7,810,0,1982,0,98033,47.6939,-122.184
295,4,2,1650,7200,1,FALSE,0,3,7,1650,0,1964,0,98133,47.7543,-122.344
575,3,3,1384,1287,2,FALSE,0,3,8,1144,240,2006,0,98102,47.6295,-122.32
725,4,2.5,2870,5118,2,FALSE,0,3,9,2870,0,2006,0,98029,47.5544,-121.99
545,4,2.5,2040,7412,2,FALSE,0,3,8,2040,0,1988,0,98074,47.6347,-122.026
269.95,4,2.5,2540,8400,2,FALSE,0,5,7,2540,0,1977,0,98032,47.3754,-122.277
785,3,2,1600,9638,1,FALSE,0,5,7,1600,0,1952,0,98040,47.5753,-122.224
456,3,2.5,1820,2935,2,FALSE,0,3,8,1820,0,1999,0,98074,47.6018,-122.021
418.2,3,2.25,2240,9542,1,FALSE,1,3,7,1190,1050,1980,0,98198,47.3995,-122.318
323,3,1,1290,12231,1,FALSE,0,3,7,1290,0,1976,0,98072,47.7404,-122.11
675,3,2.5,1300,1590,2,FALSE,0,3,8,1100,200,2014,0,98109,47.6384,-122.343
255,3,1.5,1020,11410,1,FALSE,0,3,7,1020,0,1959,0,98059,47.4811,-122.162
852,4,1,2220,3588,1.5,FALSE,0,4,7,1470,750,1927,0,98115,47.6854,-122.308
679,3,2.5,2770,9350,2,FALSE,3,3,8,2770,0,1957,2000,98056,47.5253,-122.201
241,3,1,1010,9611,1,FALSE,0,4,6,1010,0,1973,0,98092,47.3006,-122.066
750,4,2.75,3170,7634,2,FALSE,0,3,10,3170,0,1992,0,98075,47.5774,-122.054
632.5,5,3.25,3500,7254,2,FALSE,0,3,8,2760,740,2005,0,98065,47.5444,-121.881
437,3,1.75,1310,9282,1,FALSE,0,4,7,1310,0,1976,0,98052,47.6844,-122.111
579,3,2.5,1640,1269,3,FALSE,0,3,8,1640,0,2009,0,98112,47.6197,-122.3
490,4,2.5,3000,8645,2,FALSE,0,3,8,3000,0,1985,0,98034,47.7315,-122.224
679,3,2.5,1780,4320,2,FALSE,0,4,8,1780,0,1930,1986,98115,47.6809,-122.293
325,4,2.25,1920,11603,2,FALSE,0,4,7,1920,0,1967,0,98058,47.4315,-122.169
265,3,1.75,1420,8126,1,FALSE,0,3,8,1420,0,1991,0,98031,47.3871,-122.189
790,3,2.25,2370,10289,1,FALSE,0,4,9,1590,780,1977,0,98005,47.592,-122.166
341,3,1.5,1720,7119,1.5,FALSE,0,4,7,1720,0,1952,0,98155,47.7535,-122.314
819.995,5,2.75,3030,10335,2,FALSE,0,3,9,3030,0,2013,0,98056,47.5305,-122.184
352.499,2,2.25,1240,705,2,FALSE,0,3,7,1150,90,2009,0,98027,47.5321,-122.073
249.9,3,2,1220,6404,1,FALSE,0,3,7,1220,0,1994,0,98038,47.3523,-122.059
280,3,1.5,1670,11610,1,FALSE,0,4,7,1670,0,1963,0,98055,47.4404,-122.191
516.5,1,1.25,1100,638,3,FALSE,0,3,9,1100,0,2014,0,98112,47.6228,-122.307
379.95,4,2.5,2612,5850,2,FALSE,0,3,8,2612,0,2014,0,98030,47.3751,-122.189
625,3,1.5,1990,5978,1.5,TRUE,4,4,7,1990,0,1926,0,98198,47.3449,-122.329
305,3,2.5,2100,6825,2,FALSE,0,3,8,2100,0,1994,0,98055,47.4314,-122.189
240,3,2,1030,11118,1,FALSE,0,5,7,1030,0,1970,0,98003,47.3463,-122.308
255,3,1,1170,7395,1,FALSE,0,4,7,1170,0,1969,0,98055,47.4627,-122.19
279.95,4,2.75,2420,8700,1.5,FALSE,0,4,7,2420,0,1914,0,98002,47.3109,-122.229
509.007,3,1.75,1800,7620,1,FALSE,0,3,8,1350,450,1951,0,98177,47.7165,-122.361
304,4,2,1310,8454,1,FALSE,0,4,7,1310,0,1953,0,98155,47.7572,-122.318
289.95,3,2.5,1670,6186,2,FALSE,0,3,7,1670,0,2002,0,98038,47.3668,-122.031
840,4,2.5,3730,9847,2,FALSE,0,3,10,3730,0,1997,0,98075,47.587,-121.976
475,3,1.75,1340,2805,1.5,FALSE,0,3,7,1340,0,1919,0,98144,47.5922,-122.297
244,3,1.75,1540,8885,1,FALSE,0,4,7,1440,100,1980,0,98031,47.4031,-122.201
257.5,3,1.75,1530,14087,1,FALSE,0,3,7,1070,460,1979,0,98042,47.3146,-122.043
595,2,1.75,1280,8500,1,FALSE,0,3,7,1280,0,1953,2010,98033,47.6553,-122.19
570,4,2.5,2640,11816,2,FALSE,0,3,8,2640,0,1999,0,98019,47.733,-121.968
249,3,2.25,1440,7673,1,FALSE,0,3,7,940,500,1982,0,98031,47.4034,-122.178
889.95,5,3.5,3700,7055,2,FALSE,0,3,9,3700,0,2014,0,98074,47.5929,-122.057
358,4,2.75,2580,11900,1,FALSE,0,4,7,1620,960,1967,0,98058,47.4475,-122.159
450,3,1.75,1720,6960,1,FALSE,0,3,7,1140,580,1978,0,98052,47.6972,-122.129
345,3,2.25,1920,9672,2,FALSE,0,4,8,1920,0,1984,0,98074,47.6233,-122.046
685,6,2.25,2770,5854,1.5,FALSE,0,3,8,2120,650,1921,0,98112,47.6466,-122.304
355.5,3,2.5,2600,5540,2,FALSE,0,3,8,2600,0,2004,0,98038,47.3446,-122.041
655,3,1.75,1800,5102,1,FALSE,0,3,7,1170,630,1952,0,98199,47.6514,-122.407
900,3,2.75,2980,12600,1.5,FALSE,0,3,8,1590,1390,1941,2012,98033,47.674,-122.196
745,3,1,1390,9112,1,FALSE,0,4,7,1390,0,1951,0,98004,47.6071,-122.197
592.5,4,1.5,2080,4400,1.5,FALSE,0,3,7,2080,0,1925,0,98122,47.606,-122.299
230,2,2,1300,3608,1,FALSE,0,3,7,1300,0,2004,0,98198,47.3623,-122.309
350,4,2.75,2300,3175,1.5,FALSE,0,3,6,1340,960,1966,0,98144,47.5732,-122.305
264.95,3,1.5,1370,10115,1,FALSE,0,4,7,1370,0,1957,0,98022,47.2027,-122
850,4,2.5,2900,9972,2,FALSE,0,3,9,2900,0,1993,0,98006,47.5536,-122.121
895,6,2.5,3550,6533,2,FALSE,0,3,8,3550,0,1925,0,98144,47.5719,-122.284
665,4,2.75,3320,10574,2,FALSE,0,5,8,2220,1100,1960,0,98056,47.5376,-122.18
175,2,1,960,5508,1,FALSE,0,3,6,770,190,1951,0,98118,47.5307,-122.277
630,3,1.75,1540,6930,1,FALSE,0,3,7,1250,290,1944,0,98115,47.6782,-122.278
665,3,2,1620,2640,1.5,FALSE,0,5,8,1620,0,1929,0,98115,47.6884,-122.322
239.9,4,2.25,1860,7000,1,FALSE,0,3,8,1120,740,1979,0,98023,47.3127,-122.339
325,2,1,1060,5703,1,FALSE,2,4,6,1060,0,1946,0,98198,47.3444,-122.327
379,3,2.5,1500,7420,1,FALSE,0,3,7,1000,500,1972,0,98034,47.7236,-122.174
665,4,1.75,2280,3680,1.5,FALSE,0,5,7,1470,810,1926,0,98115,47.6754,-122.3
410,3,1.75,1440,7112,1,FALSE,0,3,7,1180,260,1979,0,98034,47.7304,-122.227
466.75,4,2,1730,9139,2,FALSE,0,3,8,1730,0,1957,0,98125,47.7181,-122.316
186.375,3,1,1000,7636,1,FALSE,0,2,7,1000,0,1952,0,98166,47.472,-122.344
590,4,2.5,3220,7875,1.5,FALSE,0,4,8,3220,0,1966,0,98008,47.626,-122.12
857.5,4,2.75,2960,5040,2,FALSE,3,3,9,2210,750,1952,1993,98116,47.5747,-122.408
275,3,2.5,1870,6821,2,FALSE,0,3,7,1870,0,1989,0,98023,47.3065,-122.358
440,4,2.75,2340,11034,1,FALSE,0,3,8,1720,620,1967,0,98155,47.7686,-122.278
620,4,2.5,2730,9260,2,FALSE,0,3,8,2730,0,2008,0,98133,47.7222,-122.331
535,3,2.25,2050,6648,1,FALSE,0,3,7,1230,820,1990,0,98133,47.7258,-122.332
600,3,2.75,3580,14217,2,FALSE,3,4,10,2210,1370,1989,0,98023,47.3244,-122.379
284.95,3,1,990,10723,1,FALSE,0,5,7,990,0,1960,0,98059,47.4887,-122.133
230,3,1,1000,4000,1.5,FALSE,0,4,6,1000,0,1915,0,98118,47.5523,-122.286
215,3,1,1060,9954,1,FALSE,0,4,7,1060,0,1960,0,98032,47.3801,-122.289
466,4,2.25,2170,8050,1,FALSE,0,3,7,1220,950,1976,0,98072,47.7354,-122.174
770,4,2.5,3560,6187,2,FALSE,0,3,9,3560,0,2003,0,98029,47.5593,-122.016
369.95,3,2.5,1930,8254,2,FALSE,0,3,7,1930,0,2014,0,98146,47.4973,-122.346
406,3,1.75,1390,7904,1,FALSE,0,3,7,1390,0,1985,0,98056,47.4892,-122.181
270,4,1,1900,8505,1,FALSE,0,3,7,1200,700,1956,0,98055,47.4406,-122.196
515,3,2.5,2600,4506,2,FALSE,0,3,8,2600,0,2003,0,98028,47.7353,-122.222
685,3,2,2210,5000,1.5,FALSE,2,3,7,1710,500,1909,0,98103,47.6754,-122.357
491,3,2,1250,1306,3,FALSE,0,3,7,1250,0,2000,0,98107,47.6705,-122.39
355,2,2.5,1370,1140,2,FALSE,0,3,8,1080,290,2009,0,98133,47.7055,-122.342
500,3,2.25,1760,11946,2,FALSE,0,3,8,1760,0,1978,0,98074,47.624,-122.05
661,4,1.75,1670,13125,1,FALSE,0,5,8,1670,0,1973,0,98052,47.6315,-122.101
292,4,2.75,2910,7712,1,FALSE,0,3,7,1600,1310,1998,0,98002,47.2842,-122.198
514.5,4,2.5,2990,9614,1,FALSE,2,4,9,1740,1250,1976,0,98003,47.3424,-122.329
478,3,1,1280,2580,1.5,FALSE,0,3,8,1280,0,1910,2014,98115,47.6727,-122.32
569.95,5,4.25,3380,7805,2,FALSE,0,3,8,3380,0,2014,0,98148,47.4349,-122.328
555,5,3,3640,6930,2,FALSE,0,3,8,3640,0,2004,0,98038,47.3521,-122.012
585,4,2.5,2910,6250,2,FALSE,0,3,8,2910,0,1999,0,98065,47.538,-121.87
355,2,1,1450,9150,1,FALSE,0,4,7,1450,0,1965,0,98188,47.4689,-122.277
342.5,3,2.5,1810,5192,2,FALSE,0,3,8,1810,0,1993,0,98038,47.3724,-122.042
368,3,1.75,2120,11340,1,FALSE,3,4,7,1060,1060,1966,0,98198,47.4109,-122.329
339.275,3,1.5,1590,7260,1,FALSE,0,3,7,1080,510,1964,0,98133,47.7753,-122.353
490,2,1,1420,4305,1,FALSE,0,4,7,920,500,1941,0,98115,47.6864,-122.311
176,3,3.25,1340,5434,2,FALSE,0,3,7,1340,0,1986,0,98038,47.3779,-122.045
506,2,1,1570,8210,1,FALSE,0,4,8,1150,420,1952,0,98177,47.7221,-122.371
300,4,2.25,1740,9613,2,FALSE,0,5,8,1740,0,1989,0,98058,47.463,-122.125
620,3,2.25,2010,7495,1,FALSE,0,4,8,1570,440,1979,0,98027,47.5613,-122.083
826,3,3.25,2330,4000,1,FALSE,2,3,10,1730,600,1964,2000,98144,47.5882,-122.295
620,3,2.25,1990,6256,1,FALSE,0,3,7,1390,600,1960,0,98033,47.6903,-122.206
799.95,4,3.5,3030,5494,3,FALSE,0,3,9,3030,0,2014,0,98052,47.7103,-122.109
272,4,2.25,2040,7600,1,FALSE,0,4,8,1580,460,1978,0,98023,47.3169,-122.365
592,4,2.5,2300,11165,2,FALSE,0,4,8,2300,0,1979,0,98008,47.5794,-122.118
279,3,2.5,1500,7350,1,FALSE,0,2,7,1060,440,1979,0,98023,47.3025,-122.382
307,3,1,1020,8484,1,FALSE,0,3,6,1020,0,1949,0,98155,47.7719,-122.31
525,5,2.25,2500,8621,1.5,FALSE,0,4,7,2500,0,1968,0,98034,47.7379,-122.185
301.5,2,1.5,830,1333,2,FALSE,0,3,7,830,0,2005,0,98136,47.5506,-122.381
300,3,1.5,1590,8911,1,FALSE,0,3,7,1590,0,1956,0,98028,47.7394,-122.252
539.95,5,3,3100,5250,2,FALSE,0,3,7,3100,0,2006,0,98065,47.5369,-121.888
359.95,4,2.5,3010,5701,2,FALSE,0,3,8,3010,0,2003,0,98042,47.3492,-122.152
772,3,2.25,1640,1204,3,FALSE,0,3,8,1640,0,2014,0,98112,47.6196,-122.297
525,4,1.5,1680,10500,2,FALSE,0,3,7,1680,0,1962,0,98033,47.6806,-122.166
276,3,1.5,1820,8750,1,FALSE,0,4,7,1200,620,1958,0,98198,47.4213,-122.322
260,3,2.5,1850,7875,1,FALSE,0,3,7,1250,600,1968,0,98058,47.434,-122.171
229,3,1,1590,6240,1,FALSE,0,3,7,1060,530,1956,0,98146,47.4936,-122.337
271,4,1.75,1710,7200,1,FALSE,0,5,7,910,800,1975,0,98031,47.3967,-122.174
189,3,1,1380,7282,1.5,FALSE,0,5,6,1380,0,1915,0,98002,47.3006,-122.223
440,3,2.5,1440,5434,2,FALSE,0,3,7,1440,0,2003,0,98053,47.6818,-122.034
349.95,3,2.5,2390,6441,2,FALSE,0,3,7,2390,0,2002,0,98038,47.3659,-122.029
765,4,2.5,2980,5000,2,FALSE,0,3,10,2980,0,2006,0,98027,47.5431,-121.997
180,3,1,840,5700,1,FALSE,0,4,5,840,0,1945,0,98038,47.3948,-122.028
450,3,2.5,1460,7573,2,FALSE,0,3,8,1460,0,1983,0,98007,47.6012,-122.141
350,4,2.25,1770,7778,2,FALSE,0,3,7,1770,0,1998,0,98031,47.4192,-122.201
922,4,2.5,2620,14126,1,FALSE,4,4,8,1620,1000,1941,0,98117,47.6983,-122.397
287.5,3,1,1810,7200,1,FALSE,0,4,7,1130,680,1954,0,98133,47.7493,-122.351
415,3,2.25,1445,1512,2,FALSE,0,3,7,1300,145,2004,0,98027,47.5341,-122.069
395,3,2.5,2510,5320,2,FALSE,0,3,8,2510,0,2005,0,98106,47.5374,-122.357
587.5,4,2.25,1780,6120,1,FALSE,0,3,8,1310,470,1951,0,98115,47.6955,-122.287
588,5,3,3110,4464,2,FALSE,0,3,8,3110,0,2007,0,98011,47.7719,-122.168
160,3,1.5,960,6497,1,FALSE,0,4,7,960,0,1970,0,98023,47.3018,-122.378
215,3,1,960,7200,1,FALSE,0,4,6,960,0,1958,0,98166,47.4583,-122.353
270,3,1,1240,14110,1,FALSE,0,4,7,1240,0,1972,0,98058,47.4579,-122.09
370,2,1,850,6213,1,FALSE,0,3,6,750,100,1916,0,98136,47.5282,-122.384
490,3,1.75,1770,7508,1,FALSE,0,3,7,1270,500,1962,0,98133,47.7354,-122.343
522,3,1,1150,7080,1,FALSE,0,3,7,1150,0,1952,0,98125,47.7106,-122.288
581,4,2,2510,13695,1,FALSE,0,4,7,1280,1230,1961,2001,98033,47.7005,-122.174
304.95,3,1.75,1350,9000,1,FALSE,0,3,7,1350,0,1987,0,98045,47.4487,-121.773
639.983,5,3,2800,5700,2,FALSE,0,3,8,2800,0,2014,0,98059,47.4969,-122.145
419.95,3,2.5,3120,6000,2,FALSE,0,3,9,3120,0,2007,0,98038,47.3473,-122.03
552.1,3,3,1330,1379,2,FALSE,0,4,8,1120,210,2005,0,98122,47.6126,-122.313
450,4,3,1890,13140,1,FALSE,0,4,7,1270,620,1967,0,98027,47.5221,-122.044
227,4,1,1200,7200,1.5,FALSE,0,3,6,1200,0,1944,0,98178,47.4951,-122.248
524.95,3,1.75,1750,3250,1.5,FALSE,0,4,7,1230,520,1929,0,98117,47.6807,-122.366
320,3,2.25,1200,1400,3,FALSE,0,3,8,1200,0,2005,0,98133,47.7046,-122.357
212,3,1.75,1100,9750,1,FALSE,0,4,6,1100,0,1967,0,98023,47.2955,-122.362
561,3,2.25,1640,7200,2,FALSE,0,4,8,1640,0,1985,0,98007,47.5948,-122.153
179,2,1,720,8914,1,FALSE,0,3,6,720,0,1949,0,98188,47.4488,-122.274
280,3,2.5,1600,7936,2,FALSE,0,3,7,1600,0,1996,0,98038,47.3673,-122.017
599.95,5,3,2600,13674,1,FALSE,0,5,8,1300,1300,1967,0,98125,47.7176,-122.302
529,3,1.75,2340,7724,1,FALSE,0,3,10,2340,0,2010,0,98058,47.4593,-122.134
422.5,2,1,800,4046,1,FALSE,0,3,7,800,0,1940,0,98117,47.6895,-122.382
308.5,2,1,850,6174,1,FALSE,0,4,7,850,0,1950,0,98155,47.7352,-122.328
216,3,1.75,1310,8670,1,FALSE,0,4,6,1310,0,1984,0,98092,47.3156,-122.186
250,3,1.5,2210,11111,1.5,FALSE,0,3,7,2210,0,1934,0,98168,47.492,-122.309
898,2,1.75,1490,9874,1,FALSE,0,4,7,1490,0,1963,0,98004,47.6246,-122.199
700,3,2.5,2410,9916,2,FALSE,0,4,10,2410,0,1989,0,98052,47.6911,-122.103
860,3,1.75,1860,5584,1,FALSE,0,3,8,1310,550,1951,0,98199,47.637,-122.4
459,2,2.25,1010,1107,2,FALSE,0,3,8,710,300,2006,0,98119,47.6363,-122.371
330,3,1.75,1590,9417,1,FALSE,0,4,7,1590,0,1954,0,98177,47.7617,-122.36
394.9,3,1,1430,13370,1,FALSE,0,3,7,1430,0,1962,0,98034,47.7317,-122.241
470,3,3.25,1740,1693,2,FALSE,0,3,8,1360,380,2007,0,98116,47.558,-122.382
551,2,2,2260,9604,1,FALSE,0,3,9,2260,0,1990,0,98011,47.7718,-122.208
620,3,2.5,2480,9041,2,FALSE,0,3,7,2480,0,2004,0,98053,47.6797,-122.035
601.45,2,3.25,1840,1500,3,FALSE,0,3,8,1840,0,2001,0,98103,47.6595,-122.354
449,3,1.75,1660,9697,1,FALSE,0,4,7,1660,0,1952,0,98155,47.7564,-122.286
465,3,1.5,1460,9879,1,FALSE,0,3,7,1460,0,1956,0,98008,47.6346,-122.127
124.5,2,1,840,6480,1,FALSE,0,4,5,840,0,1954,0,98001,47.264,-122.258
400,3,1.5,1890,6183,1,FALSE,0,3,7,1090,800,1967,0,98118,47.5396,-122.269
300,3,2.5,1330,1200,3,FALSE,0,3,7,1330,0,2002,0,98133,47.7034,-122.344
637,4,2.5,1710,5000,1,FALSE,0,3,8,1110,600,1979,0,98115,47.6772,-122.285
820,3,2.5,2510,5503,2,FALSE,2,3,9,2510,0,1995,0,98136,47.5419,-122.383
425,2,1,830,6030,1,FALSE,0,4,6,830,0,1925,0,98103,47.6994,-122.347
265,2,1,940,9458,1,FALSE,0,3,6,940,0,1948,0,98155,47.7523,-122.311
857.5,3,1.5,2040,3960,2,FALSE,2,5,8,2040,0,1928,0,98103,47.6658,-122.355
385,4,2.5,2630,5701,2,FALSE,0,3,7,2630,0,2010,0,98042,47.375,-122.16
540,2,1,1170,4750,1,FALSE,0,3,6,1170,0,1903,0,98107,47.6729,-122.378
299,5,2.5,1940,9389,1,FALSE,0,4,7,1290,650,1960,0,98155,47.7438,-122.328
258.5,3,2,1460,7930,1,FALSE,0,3,7,1460,0,1989,0,98038,47.359,-122.049
434.5,3,1.75,1930,7210,1,FALSE,0,3,7,1110,820,1975,0,98072,47.735,-122.174
601,4,3.5,2160,3600,2,FALSE,0,3,8,1660,500,1998,0,98122,47.6103,-122.297
394,3,2,1160,3441,1,FALSE,0,4,6,580,580,1930,0,98136,47.5314,-122.392
204.7,4,2,1670,9987,1,FALSE,0,3,7,1670,0,1967,0,98001,47.3406,-122.284
385,3,1.5,1490,9630,1,FALSE,0,4,8,1490,0,1959,0,98028,47.7623,-122.256
265,3,2.5,1400,3368,2,FALSE,0,3,7,1400,0,2013,0,98146,47.5134,-122.342
469,2,1,1120,4284,1,FALSE,0,3,6,730,390,1921,0,98105,47.6688,-122.324
198,3,1.5,1430,7347,1,FALSE,0,3,7,820,610,1980,0,98023,47.2927,-122.369
220,4,1.75,1660,11664,1,FALSE,0,3,6,1010,650,1952,0,98168,47.4943,-122.331
515,4,2.5,3200,6473,2,FALSE,0,3,7,3200,0,2005,0,98059,47.5012,-122.15
320,4,1.75,1760,11180,1,FALSE,0,4,8,1760,0,1968,0,98059,47.4715,-122.118
250,3,2,1440,9220,1,FALSE,0,3,7,1440,0,1965,0,98198,47.3702,-122.317
302.5,3,2.25,3100,11985,1,FALSE,0,4,7,1790,1310,1963,0,98198,47.3825,-122.31
802.541,5,2.75,2990,6768,2,FALSE,0,3,9,2990,0,2014,0,98006,47.5462,-122.182
396,3,2.25,1680,9766,2,FALSE,0,3,7,1680,0,1989,0,98019,47.7341,-121.981
516,3,3,2330,7304,1,FALSE,0,3,9,1300,1030,1971,0,98005,47.5982,-122.172
420.25,3,2,1510,3657,1,FALSE,0,3,8,1510,0,2007,0,98053,47.7225,-122.029
678,3,2.25,2730,10675,2,FALSE,0,3,9,2730,0,1990,0,98074,47.6289,-122.042
432.5,3,2.5,2390,6435,1,FALSE,0,3,8,1600,790,1978,0,98034,47.726,-122.194
321,4,2.25,1800,4500,2,FALSE,0,4,8,1800,0,2004,0,98031,47.394,-122.183
370,4,2.5,2320,9264,2,FALSE,0,3,8,2320,0,1994,0,98188,47.4449,-122.274
615,2,1,1270,5000,1,FALSE,0,3,8,1090,180,1949,0,98117,47.6828,-122.393
540,4,3.5,3510,6005,2,FALSE,0,3,8,2750,760,2010,0,98065,47.5168,-121.87
245,3,2.25,1780,9598,2,FALSE,0,4,7,1780,0,1985,0,98030,47.3718,-122.182
206,2,2.5,1280,1566,2,FALSE,0,3,7,1280,0,2005,0,98055,47.4336,-122.195
408.474,3,2.5,1800,2731,2,FALSE,0,3,8,1800,0,2014,0,98065,47.5342,-121.841
225,4,1.5,1950,12559,1.5,FALSE,0,3,6,1950,0,1939,0,98188,47.4364,-122.282
706,4,2.5,2740,7571,2,FALSE,0,3,9,2740,0,2009,0,98033,47.6962,-122.179
600,3,1.75,1880,6360,1,FALSE,0,4,7,1040,840,1945,0,98115,47.6878,-122.286
205,3,1.5,1820,8585,1,FALSE,0,4,7,1820,0,1962,0,98055,47.4479,-122.213
546,3,2.5,1530,3464,2,FALSE,0,3,8,1530,0,1998,0,98007,47.6179,-122.141
257,2,1,1000,3700,1,FALSE,0,3,6,800,200,1929,0,98118,47.552,-122.29
982,4,2.75,3610,8580,2,FALSE,0,3,9,3610,0,2014,0,98033,47.6706,-122.173
640,3,2.5,2160,4000,1.5,FALSE,0,3,8,1960,200,1903,2013,98122,47.6045,-122.307
280.4,4,1.75,1730,7210,1,FALSE,0,4,7,1010,720,1968,0,98003,47.354,-122.315
263,4,2.75,1830,7315,1,FALSE,0,5,7,1250,580,1979,0,98023,47.2989,-122.38
522,4,2.25,1800,8623,1,FALSE,0,4,8,1360,440,1980,0,98033,47.692,-122.184
353.75,4,2,1710,7490,2,FALSE,0,3,7,1320,390,1956,0,98166,47.4544,-122.357
185,3,1.75,1080,9262,1,FALSE,0,3,7,1080,0,1968,0,98178,47.4883,-122.248
485,3,2.75,2650,12350,1,FALSE,0,4,7,1470,1180,1975,0,98028,47.7669,-122.268
645,4,2.5,2860,14000,2,FALSE,0,3,8,2860,0,1995,0,98019,47.7306,-121.973
529,3,1.75,1500,7367,1,FALSE,0,3,8,1500,0,1974,0,98033,47.6722,-122.167
269,3,2.5,1440,3800,2,FALSE,0,3,7,1440,0,2005,0,98038,47.3606,-122.039
545,3,2.5,2060,7184,2,FALSE,0,3,8,2060,0,1987,0,98029,47.567,-122.012
315,1,1,700,3876,1,FALSE,0,3,6,700,0,1910,0,98103,47.6886,-122.352
577,4,2.25,2360,7490,2,FALSE,0,3,8,2360,0,1979,0,98033,47.6988,-122.169
208.417,2,1,840,4200,1,FALSE,0,3,5,840,0,1938,0,98108,47.5292,-122.316
480,2,1,1060,3040,1,FALSE,0,3,7,860,200,1924,0,98103,47.6725,-122.329
398,2,2,1300,3865,1,FALSE,0,3,8,1300,0,2006,0,98053,47.7193,-122.024
255,3,2.5,2555,5720,2,FALSE,0,3,8,2555,0,2006,0,98031,47.386,-122.184
265,3,2.25,2540,7216,2,FALSE,0,3,8,2540,0,1991,0,98023,47.2906,-122.349
360,3,1.75,1500,7200,1,FALSE,0,3,7,1500,0,1957,0,98133,47.7748,-122.337
579,4,2.75,3220,9825,2,FALSE,0,3,8,3220,0,2012,0,98059,47.4863,-122.143
766,3,2.5,2270,9822,2,FALSE,0,3,9,2270,0,1988,0,98052,47.6685,-122.137
348,2,2.5,1270,1242,3,FALSE,0,3,7,1270,0,2008,0,98117,47.701,-122.362
668,4,2.5,2670,4410,2,FALSE,0,3,8,2670,0,1999,0,98075,47.5978,-122.038
310,4,1.5,1220,9600,1,FALSE,0,3,6,1220,0,1980,0,98014,47.6462,-121.909
600,4,2.5,2560,5593,2,FALSE,0,3,7,2560,0,2001,0,98053,47.6886,-122.037
234,4,2,1710,7455,1,FALSE,0,3,7,1030,680,1975,0,98031,47.3965,-122.173
368.5,5,2.75,2530,7601,1,FALSE,0,3,7,1520,1010,1992,0,98188,47.4683,-122.263
373,3,2,1400,2445,1,FALSE,0,3,7,840,560,2002,0,98144,47.5926,-122.299
809,3,2.5,2590,7720,2,FALSE,0,3,9,2590,0,1988,0,98007,47.659,-122.146
490,4,2,1650,6480,2,FALSE,0,5,7,1650,0,1947,0,98125,47.7117,-122.286
512.031,3,1.75,1540,3000,1,FALSE,2,3,7,770,770,1920,0,98117,47.6769,-122.36
298.9,3,2.5,1830,6162,2,FALSE,0,3,8,1830,0,1994,0,98092,47.3291,-122.17
542,2,2,1930,4500,1,FALSE,0,3,8,1930,0,2003,0,98053,47.7104,-122.031
224,3,1.75,1100,10125,1,FALSE,0,4,7,1100,0,1969,0,98092,47.3232,-122.103
283,4,2,2100,8160,1,FALSE,0,3,7,1200,900,1959,0,98106,47.5145,-122.365
739,3,2.5,2310,7348,1,FALSE,3,3,8,2310,0,2010,0,98053,47.7116,-122.019
200,4,2.75,2210,13235,2,FALSE,0,3,8,1730,480,1988,0,98003,47.3541,-122.303
760.369,5,2.5,2870,4712,2,FALSE,0,3,9,2870,0,2014,0,98006,47.5463,-122.182
650,10,2,3610,11914,2,FALSE,0,4,7,3010,600,1958,0,98006,47.5705,-122.175
689,3,1.75,2200,9840,1,FALSE,0,5,8,1500,700,1978,0,98006,47.559,-122.136
990,4,3.75,3450,4940,2,FALSE,0,3,10,2570,880,2006,0,98103,47.692,-122.338
351,3,1,1160,10518,1,FALSE,0,3,7,1160,0,1960,0,98028,47.7343,-122.22
453,2,1.5,1160,1269,2,FALSE,0,3,7,970,190,2005,0,98103,47.6608,-122.335
290,4,2.5,1700,7280,2,FALSE,0,4,7,1700,0,1988,0,98031,47.4045,-122.171
715,3,2.5,2550,13458,2,FALSE,0,3,9,2550,0,1990,0,98006,47.5586,-122.121
432.5,4,1.75,1500,1856,1,FALSE,0,5,7,750,750,1901,0,98144,47.5917,-122.296
355,2,1,960,6250,1,FALSE,0,3,6,960,0,1916,0,98136,47.5491,-122.386
210,3,1,1070,8179,1,FALSE,0,3,6,1070,0,1949,0,98146,47.5015,-122.349
293.55,4,1.75,1250,8840,1,FALSE,0,4,7,910,340,1979,0,98198,47.4138,-122.317
504.5,3,2.5,1820,1545,3,FALSE,2,3,8,1640,180,1998,0,98103,47.6523,-122.346
275,3,2,1340,9764,1,FALSE,0,3,7,1340,0,1944,0,98052,47.6786,-122.161
632,6,2.5,2560,8320,1,FALSE,0,3,7,1370,1190,1961,0,98125,47.7021,-122.287
252.5,3,1,1030,6127,1,FALSE,0,3,7,880,150,1947,0,98125,47.7192,-122.32
565,4,2.5,2330,7936,2,FALSE,0,3,9,2330,0,1987,0,98074,47.6269,-122.03
340,4,2.5,1910,7201,1,FALSE,0,3,7,1210,700,1987,0,98198,47.3908,-122.316
389,3,1.5,2030,10075,1,FALSE,0,5,7,1080,950,1961,0,98055,47.4713,-122.197
589,4,3,2440,9600,2,FALSE,0,5,7,2440,0,1961,0,98034,47.7044,-122.2
550,3,2.75,1960,13252,1,FALSE,0,5,8,1240,720,1975,0,98006,47.5582,-122.139
725,5,2.5,3210,12000,1,FALSE,0,4,8,1830,1380,1968,0,98007,47.6205,-122.148
225.9,3,1,1510,8800,1,FALSE,0,4,7,1010,500,1963,0,98003,47.329,-122.33
336,4,2.25,2210,11700,2,FALSE,0,4,8,2210,0,1967,0,98032,47.3648,-122.284
360,3,1.5,1060,6232,1,FALSE,0,4,7,1060,0,1968,0,98118,47.5329,-122.271
370,4,2,1950,3757,1,FALSE,0,4,6,1160,790,1908,0,98118,47.5372,-122.269
298,2,1,850,5000,1,FALSE,0,3,5,850,0,1907,0,98055,47.4874,-122.207
865,4,1.75,1800,4180,2,FALSE,3,4,8,1800,0,1921,0,98102,47.6462,-122.318
310,3,2.25,1590,3056,2,FALSE,0,3,7,1590,0,2001,0,98108,47.5432,-122.293
351,4,1,1430,8400,1,FALSE,0,3,6,730,700,1969,0,98072,47.7417,-122.172
564,4,1,1170,4590,1.5,FALSE,0,4,7,1170,0,1925,0,98115,47.6804,-122.311
325,4,1,1530,5684,1,FALSE,0,3,7,1130,400,1957,0,98108,47.5507,-122.298
305,3,1.75,1400,10350,1,FALSE,0,4,7,1400,0,1976,0,98059,47.479,-122.132
306,3,1,1190,10350,1,FALSE,0,4,7,1190,0,1959,0,98028,47.7428,-122.244
245,3,2.25,1350,6775,1,FALSE,0,3,7,930,420,1981,0,98032,47.3593,-122.289
329.95,3,1,1750,7800,1,FALSE,0,4,7,1150,600,1956,0,98166,47.4596,-122.343
289,2,1,710,6300,1,FALSE,0,3,6,710,0,1942,0,98126,47.5155,-122.374
590,3,2.5,2520,10223,2,FALSE,0,3,10,2520,0,1988,0,98074,47.631,-122.042
485,2,2,1510,3961,1,FALSE,0,3,8,1510,0,2010,0,98053,47.709,-122.018
764,4,2.5,2790,7938,2,FALSE,0,3,9,2790,0,1997,0,98074,47.6223,-122.026
239,2,1,1210,9375,1,FALSE,1,4,7,1210,0,1952,0,98198,47.3865,-122.322
680,4,2.5,2880,9202,1,FALSE,0,3,8,1780,1100,1977,0,98052,47.6658,-122.139
442,4,2.5,2520,7253,2,FALSE,0,3,9,2520,0,1990,0,98059,47.5148,-122.159
689,4,2.5,2240,7350,2,FALSE,0,3,9,2240,0,1989,0,98029,47.5652,-122.013
265,3,2,1570,5706,1,FALSE,0,3,7,1570,0,1998,0,98092,47.3156,-122.188
520,2,1,1340,6380,1,FALSE,0,3,7,890,450,1939,0,98115,47.697,-122.313
330,5,2.5,2600,3839,2,FALSE,0,3,7,2600,0,2005,0,98058,47.4324,-122.145
605,3,2.25,1960,10139,2,FALSE,0,3,8,1960,0,1984,0,98074,47.6481,-122.061
405,3,2.25,1660,8307,1,FALSE,0,4,8,1660,0,1961,0,98133,47.7575,-122.352
468,3,2.25,1630,2490,2,FALSE,0,3,7,1630,0,2004,0,98053,47.6807,-122.031
306.5,3,1.5,1100,8140,1,FALSE,0,4,7,1100,0,1965,0,98059,47.5004,-122.162
309.5,3,1,1250,7320,1,FALSE,0,3,7,1250,0,1968,0,98059,47.5074,-122.163
430,4,1,1350,9000,1.5,FALSE,0,4,7,1350,0,1964,0,98103,47.6953,-122.332
492,2,1,1290,6272,1,FALSE,0,4,6,890,400,1922,0,98115,47.6777,-122.305
308,2,1,1680,9250,1,FALSE,0,3,7,860,820,1969,0,98072,47.7618,-122.162
385,4,3,2120,13000,2,FALSE,0,4,8,2120,0,1978,0,98059,47.4745,-122.141
597,4,2.5,2340,7877,2,FALSE,0,3,9,2340,0,2004,0,98125,47.73,-122.315
325,3,2.5,2330,8627,1,FALSE,0,4,7,1480,850,1980,0,98055,47.4543,-122.21
325,2,1,790,6000,1,FALSE,0,3,7,790,0,1948,0,98118,47.5543,-122.273
610,3,1,1180,3400,1.5,FALSE,0,3,8,1180,0,1907,0,98109,47.6376,-122.353
445,3,1.75,1360,4998,1,FALSE,0,3,8,1360,0,1968,2014,98108,47.547,-122.302
210,4,2,1520,6174,1.5,FALSE,0,5,6,1520,0,1920,0,98022,47.2105,-121.989
960,5,2.75,3040,10257,2,FALSE,0,3,10,3040,0,1993,0,98006,47.5531,-122.119
592.5,2,2,1870,4751,1,FALSE,0,3,8,1870,0,2006,0,98053,47.7082,-122.015
325,4,2,1780,10622,1,FALSE,0,4,7,900,880,1976,0,98058,47.4573,-122.158
299.25,3,2.5,2530,8669,2,FALSE,0,3,9,2530,0,1990,0,98023,47.3073,-122.395
251,3,2,1650,7930,1,FALSE,0,4,7,1650,0,1989,0,98038,47.3617,-122.05
390,1,1,710,4000,1,FALSE,0,4,6,610,100,1928,0,98103,47.6562,-122.354
280,3,1,1350,7553,1.5,FALSE,0,3,6,1350,0,1914,0,98118,47.5345,-122.274
230,3,1.5,1330,9548,1,FALSE,0,5,7,1330,0,1967,0,98042,47.3675,-122.11
725,3,1,940,8377,1,FALSE,0,4,7,940,0,1952,0,98004,47.5974,-122.2
227.49,3,1.75,1820,7194,1,FALSE,0,4,7,1820,0,1967,0,98003,47.3352,-122.307
370,2,2.25,1280,835,2,FALSE,0,3,7,1080,200,2009,0,98118,47.5592,-122.284
463,3,1.75,1710,7320,1,FALSE,0,3,7,1710,0,1948,0,98155,47.7512,-122.281
259.95,3,1,1460,5825,1,FALSE,0,5,5,1260,200,1942,0,98056,47.4958,-122.191
315,6,2.75,2940,7350,1,FALSE,0,3,8,1780,1160,1978,0,98023,47.3103,-122.339
305.495,3,1.75,2110,10200,2,FALSE,0,4,7,2110,0,1966,0,98059,47.4744,-122.154
280,2,1,1880,7560,1,FALSE,0,3,6,940,940,1919,0,98126,47.5261,-122.374
310,3,1,1330,3740,1.5,FALSE,0,3,6,1330,0,1903,0,98118,47.5502,-122.274
303,2,1.5,1000,1075,2,FALSE,0,3,7,840,160,2007,0,98144,47.5708,-122.288
720,4,2,1760,4500,1.5,FALSE,0,5,7,1760,0,1906,0,98103,47.6711,-122.331
978,4,2.75,2620,13777,1.5,FALSE,2,4,9,1720,900,1926,0,98144,47.58,-122.285
387.5,6,2,2400,7684,1,FALSE,0,3,6,1200,1200,1932,2005,98028,47.7705,-122.269
227,2,1,860,6800,1,FALSE,0,3,6,860,0,1943,0,98133,47.7274,-122.337
410,4,2.5,2560,4020,2,FALSE,0,3,9,2560,0,2006,0,98038,47.3533,-122.027
585,4,2,2400,12753,1,FALSE,0,4,7,2400,0,1962,0,98033,47.6947,-122.177
190.5,3,2,1390,10155,1,FALSE,0,3,7,1130,260,1980,0,98003,47.2575,-122.305
397,5,1,1170,6757,1,FALSE,0,4,6,800,370,1944,0,98125,47.7332,-122.304
650,3,2.5,2190,3600,2,FALSE,0,3,9,2190,0,2003,0,98029,47.5506,-121.993
900,4,2,1980,7200,2,FALSE,3,3,8,1700,280,1910,0,98119,47.6318,-122.369
300,3,1,1220,13000,1,FALSE,0,4,7,1220,0,1955,0,98133,47.7608,-122.353
311,2,1,860,3300,1,FALSE,0,5,6,860,0,1903,0,98118,47.5496,-122.279
390,4,1.75,2700,7875,1.5,FALSE,0,4,8,2700,0,1968,0,98058,47.454,-122.144
400,3,2.5,1495,936,3,FALSE,0,3,8,1405,90,2006,0,98144,47.593,-122.295
905,5,3.5,3500,10155,2,FALSE,0,3,10,2570,930,1996,0,98006,47.5415,-122.133
539,5,2.25,2590,7245,1,FALSE,0,3,8,1510,1080,1973,0,98008,47.6398,-122.111
319,3,2.5,2110,7434,2,FALSE,0,4,7,2110,0,1978,0,98031,47.3935,-122.169
712.5,3,1.75,1770,2800,1.5,FALSE,0,3,7,1770,0,1914,0,98103,47.6631,-122.357
338.5,4,2.5,2717,4513,2,FALSE,0,3,8,2717,0,2005,0,98001,47.3373,-122.266
240,3,2.5,1620,5250,2,FALSE,0,3,8,1620,0,1987,0,98003,47.3538,-122.301
608,3,3.5,1660,2298,2,FALSE,0,3,8,1260,400,2009,0,98116,47.5809,-122.403
259,3,2,1390,7120,1,FALSE,0,3,7,1390,0,1988,0,98030,47.3786,-122.179
595,4,1.75,2510,8989,1,FALSE,0,4,8,1680,830,1964,0,98006,47.5569,-122.172
432.5,3,2.5,1940,10800,1,FALSE,0,3,8,1340,600,1979,0,98077,47.7471,-122.075
515,4,3,1820,8261,1,FALSE,0,3,7,1420,400,1969,0,98034,47.7197,-122.219
415,2,1.75,1340,4664,1,FALSE,0,3,8,1340,0,2004,0,98053,47.7182,-122.034
288,3,2.5,1520,3593,2,FALSE,0,3,7,1520,0,2004,0,98038,47.3842,-122.042
401,2,1.5,1260,2625,2,FALSE,0,4,7,1260,0,1983,0,98052,47.6747,-122.151
290,3,2,1260,7346,1,FALSE,0,3,7,1260,0,1987,0,98031,47.4034,-122.176
260,4,2.5,2110,8990,2,FALSE,0,3,8,2110,0,1977,0,98058,47.4457,-122.127
820,4,2.75,3540,13515,2,FALSE,0,3,10,3540,0,1998,0,98075,47.5945,-121.982
440,4,2.5,2230,5650,2,FALSE,0,3,7,2230,0,2011,0,98056,47.5073,-122.168
357.5,3,1.75,1630,9403,1,FALSE,0,3,7,1630,0,1983,0,98155,47.757,-122.316
289,3,2.5,1490,8628,2,FALSE,0,3,7,1490,0,1994,0,98038,47.3643,-122.041
399.895,4,2.5,2701,4500,2,FALSE,0,3,9,2701,0,2014,0,98092,47.2586,-122.194
675,4,2.25,2260,8715,1,FALSE,0,4,8,1530,730,1976,0,98008,47.6237,-122.106
420,3,2.5,1470,1445,2,FALSE,0,3,8,1160,310,2005,0,98029,47.5468,-121.998
291,2,1,840,863,3,FALSE,0,3,8,840,0,2008,0,98103,47.6974,-122.349
305,3,2.25,2110,7665,1,FALSE,0,4,7,1360,750,1973,0,98023,47.3082,-122.372
796,3,1,1980,3243,1.5,FALSE,0,3,8,1980,0,1912,0,98102,47.6429,-122.327
315,3,1.75,1170,4000,1,FALSE,0,3,6,720,450,1943,2013,98106,47.5306,-122.354
460,2,2.5,1830,8107,1,FALSE,0,5,7,930,900,1946,0,98125,47.701,-122.305
447,3,2.5,1800,3074,2,FALSE,0,3,7,1800,0,2003,0,98072,47.7631,-122.149
705,4,1.5,1780,3120,1.5,FALSE,3,3,8,1780,0,1926,0,98118,47.5589,-122.264
605,4,2.5,2620,7553,2,FALSE,0,3,8,2620,0,1996,0,98056,47.5301,-122.18
420,4,2.5,1940,5414,2,FALSE,0,3,8,1940,0,1997,0,98108,47.5461,-122.299
565,4,1,1540,2452,1.5,FALSE,0,4,7,1540,0,1906,0,98103,47.6522,-122.348
220,3,2.25,1400,7205,1,FALSE,0,3,7,1140,260,1985,0,98030,47.349,-122.166
329.9,4,2.75,2475,4000,2,FALSE,0,3,7,2475,0,2014,0,98002,47.3452,-122.209
563,3,2,1380,5000,1.5,FALSE,0,4,7,1380,0,1917,0,98117,47.6807,-122.369
325,3,1,1160,9525,1,FALSE,0,4,7,1160,0,1968,0,98077,47.7431,-122.073
678.1,3,1.75,1850,2860,1.5,FALSE,0,5,8,1210,640,1931,0,98116,47.5853,-122.39
575,2,2,1680,6194,1,FALSE,0,3,8,1680,0,2004,0,98053,47.7136,-122.03
458.45,4,1,1330,9715,1,FALSE,0,4,7,970,360,1957,0,98008,47.6038,-122.122
295,4,2.5,2030,5754,2,FALSE,0,3,8,2030,0,2001,0,98042,47.3542,-122.137
409.9,3,2.5,1690,1200,2,FALSE,0,3,8,1410,280,2013,0,98106,47.5389,-122.367
625,4,2.75,2390,6979,2,FALSE,0,3,8,2390,0,1993,0,98029,47.5703,-121.996
225,3,1,1300,8316,1,FALSE,0,4,6,1300,0,1954,0,98002,47.3221,-122.216
239.975,3,2.5,1820,7242,1,FALSE,0,3,7,1220,600,1959,0,98188,47.4318,-122.292
273,3,2.5,1650,5994,2,FALSE,0,4,7,1650,0,1989,0,98030,47.3603,-122.19
310,4,3,2010,7426,1,FALSE,0,5,7,1090,920,1951,0,98178,47.5042,-122.265
375,4,2.5,1800,8432,1,FALSE,0,4,7,1200,600,1960,0,98133,47.7463,-122.336
405,2,1,1020,8155,1,FALSE,0,4,7,1020,0,1948,0,98177,47.7257,-122.361
633,4,2.5,2020,8044,2,FALSE,0,3,8,2020,0,1990,0,98074,47.6247,-122.043
454,3,2.5,1590,4094,2,FALSE,0,3,7,1590,0,1991,0,98122,47.61,-122.293
635,5,2.75,2620,5500,1.5,FALSE,0,3,7,1710,910,1911,0,98117,47.6806,-122.388
265,3,1.5,1780,10196,1,FALSE,0,4,7,1270,510,1967,0,98001,47.3375,-122.291
206,3,1,1320,9239,1,FALSE,0,4,7,1320,0,1968,0,98092,47.312,-122.183
425,2,1,540,2500,1,FALSE,0,3,5,540,0,1905,0,98107,47.6729,-122.383
380,3,2.25,1520,1464,2,FALSE,0,3,8,1240,280,2010,0,98126,47.543,-122.375
577,3,2.25,2370,7878,2,FALSE,0,3,8,2370,0,1985,0,98034,47.7281,-122.168
265,4,1.5,1580,8468,2,FALSE,0,4,7,1580,0,1971,0,98001,47.3336,-122.281
180.5,3,1.5,1540,9800,1,FALSE,0,3,7,1010,530,1973,0,98058,47.4676,-122.184
332.544,2,1.75,1710,4187,1,FALSE,0,3,7,1710,0,1987,0,98055,47.4732,-122.188
326.5,3,1,1810,12375,2,FALSE,0,3,7,1810,0,1970,0,98072,47.7427,-122.172
400,3,1.5,1330,9900,1,FALSE,0,3,7,1330,0,1956,0,98034,47.7167,-122.233
419,2,1,720,4592,1,FALSE,0,4,6,720,0,1943,0,98199,47.6534,-122.404
525,4,2,2420,10735,1.5,FALSE,0,3,7,2420,0,1967,0,98052,47.6899,-122.122
175,2,1,620,6600,1,FALSE,0,3,6,620,0,1963,0,98168,47.4862,-122.33
175,3,1,1460,11880,1,FALSE,0,2,7,1460,0,1961,0,98030,47.3762,-122.219
399.95,4,2.75,1920,4400,1,FALSE,0,4,6,960,960,1906,0,98106,47.5532,-122.365
900,4,2.5,3510,6745,2,FALSE,0,3,10,3510,0,1998,0,98075,47.6016,-122.074
690.7,5,2.75,2870,5349,2,FALSE,0,3,9,2870,0,2005,0,98059,47.5405,-122.187
562.5,3,2.25,1300,907,2,FALSE,0,3,8,1000,300,2006,0,98102,47.6371,-122.327
920,4,2.75,2880,5750,1.5,FALSE,0,5,9,1710,1170,1928,0,98116,47.5874,-122.387
540,4,1,1690,3417,1.5,FALSE,0,3,7,1690,0,1907,0,98199,47.663,-122.402
332,4,2.5,2470,7780,2,FALSE,0,3,8,2470,0,2002,0,98092,47.3337,-122.191
315,3,2,1060,5750,1,FALSE,0,3,7,1060,0,1981,0,98126,47.5523,-122.372
331,2,2.25,1240,720,2,FALSE,0,3,7,1150,90,2008,0,98027,47.5322,-122.072
372.5,3,1.75,1550,12956,1,FALSE,0,3,7,1210,340,1988,0,98045,47.4711,-121.752
290,3,1.5,1310,8100,1,FALSE,0,3,7,1310,0,1965,0,98034,47.7328,-122.201
400,3,1.5,1200,4800,1,FALSE,0,4,7,1200,0,1962,0,98007,47.6084,-122.136
219,2,1,1050,9000,1.5,FALSE,0,4,7,1050,0,1984,0,98003,47.2887,-122.299
245.99,3,1,1040,8410,1,FALSE,0,3,7,1040,0,1942,2014,98188,47.453,-122.289
795,3,3.5,3190,10223,2,FALSE,0,3,10,2560,630,1994,0,98052,47.6968,-122.102
440,3,2,1550,2401,2,FALSE,0,3,7,1550,0,1996,0,98103,47.6545,-122.348
432.5,3,3,2500,6000,2,FALSE,0,3,8,2500,0,2012,0,98058,47.4408,-122.161
450,2,1.5,1020,1049,3,FALSE,0,3,8,1020,0,2008,0,98103,47.68,-122.348
359.5,4,2.25,2390,11250,2,FALSE,0,3,9,2390,0,1988,0,98023,47.3305,-122.371
367,2,1,700,2334,1,FALSE,0,3,7,700,0,1945,0,98117,47.701,-122.39
400,3,1,1350,3090,1.5,FALSE,0,5,6,1350,0,1914,0,98103,47.682,-122.348
579.5,3,1.75,1250,4120,1,FALSE,0,4,7,980,270,1925,0,98117,47.685,-122.36
545,3,1,960,5030,1,FALSE,0,3,7,960,0,1955,0,98118,47.5611,-122.28
525,3,3,2600,5238,1.5,FALSE,3,3,9,1890,710,1989,0,98198,47.3448,-122.327
287,3,2.25,2300,7200,1,FALSE,0,4,8,1550,750,1978,0,98003,47.324,-122.328
412,2,1,1260,3960,1,FALSE,0,3,6,690,570,1925,0,98117,47.6899,-122.391
447.45,3,2.25,1570,7200,2,FALSE,0,3,8,1570,0,1991,0,98034,47.7332,-122.232
550,3,1,880,6664,1,FALSE,0,3,6,880,0,1961,0,98033,47.6855,-122.199
220,4,2,1700,8043,1,FALSE,0,3,7,850,850,1954,0,98168,47.4758,-122.288
313,4,2.5,2460,10320,2,FALSE,0,3,8,2460,0,1993,0,98092,47.2599,-122.215
655,3,2,1820,4480,1,FALSE,0,5,7,1120,700,1923,0,98105,47.6717,-122.295
338,3,2.5,1590,7819,2,FALSE,0,3,7,1590,0,1992,0,98055,47.4367,-122.199
387,2,2.25,1230,1280,2,FALSE,0,3,8,960,270,2012,0,98144,47.5942,-122.298
461,3,1.5,1270,1416,3,FALSE,0,3,8,1270,0,2007,0,98115,47.6988,-122.317
480,4,2.5,2980,4074,2,FALSE,0,3,8,2980,0,2011,0,98019,47.734,-121.965
289.2,3,2.25,1760,7023,2,FALSE,0,3,7,1760,0,1995,0,98019,47.7468,-121.98
445,3,3.25,1710,1960,2,FALSE,0,3,8,1360,350,2004,0,98029,47.5479,-122.003
440,2,1.75,1300,4000,2,FALSE,0,3,7,1300,0,1948,0,98105,47.6687,-122.288
478,2,1.75,1960,6000,1,FALSE,0,4,7,980,980,1904,0,98199,47.6531,-122.401
450,3,3.5,1790,1288,3,FALSE,0,3,8,1390,400,2000,0,98199,47.651,-122.384
189.9,2,1,800,5600,1,FALSE,0,5,6,800,0,1955,0,98056,47.4959,-122.172
355,4,2.5,2570,6466,2,FALSE,0,3,9,2570,0,1999,0,98092,47.3324,-122.17
267.5,3,1.75,1590,11914,1,FALSE,2,3,7,1090,500,1957,0,98188,47.4427,-122.274
290.5,4,3.25,2510,7686,2,FALSE,0,3,9,2510,0,2003,0,98055,47.4785,-122.228
130,2,1,790,7500,1,FALSE,0,3,7,790,0,1951,0,98198,47.4007,-122.294
363.5,4,2.5,2680,7700,2,FALSE,0,4,8,2680,0,1990,0,98031,47.4094,-122.17
303,2,1.5,1400,1650,3,FALSE,0,3,7,1400,0,1999,0,98125,47.7222,-122.29
500,4,2,2280,7200,1,FALSE,0,4,7,2280,0,1956,0,98133,47.7132,-122.355
775,4,2.5,2070,8473,1,FALSE,0,4,8,1250,820,1976,0,98033,47.6608,-122.19
592.5,4,3,2170,8240,1,FALSE,0,4,8,1370,800,1968,0,98052,47.6291,-122.093
247.5,4,1.75,2290,7765,1,FALSE,0,3,6,2290,0,1936,1953,98146,47.4997,-122.353
230,3,1,1390,6000,1,FALSE,0,3,5,1390,0,1954,0,98056,47.4977,-122.175
242.5,3,1.75,1550,1905,2,FALSE,0,3,7,1550,0,2005,0,98055,47.4331,-122.195
439.5,4,1,1360,5500,1.5,FALSE,0,3,7,1360,0,1950,0,98115,47.6878,-122.285
850,4,1.75,2350,11914,1,FALSE,0,4,8,2350,0,1961,0,98040,47.5392,-122.228
509,3,3,2130,5000,1.5,FALSE,0,3,7,1570,560,1913,0,98118,47.5451,-122.284
645,2,2.25,2770,11884,1,FALSE,3,4,8,1570,1200,1969,0,98070,47.5098,-122.474
572.8,3,2.5,3310,4682,2,FALSE,0,3,9,2380,930,2015,0,98065,47.5201,-121.885
404.6,3,1,1570,7727,1,FALSE,2,4,8,1270,300,1958,0,98056,47.4821,-122.192
216.5,3,1,1020,11652,1,FALSE,0,4,6,1020,0,1971,0,98188,47.4459,-122.278
280,4,2.25,1600,7916,2,FALSE,0,3,7,1600,0,1991,0,98022,47.194,-121.981
450,4,2.25,2040,9565,1,FALSE,0,3,8,1400,640,1959,0,98133,47.7356,-122.335
294,4,2,2930,12840,1.5,FALSE,0,4,8,2930,0,1965,0,98092,47.2957,-122.187
393,2,1,1020,4200,1,FALSE,0,5,6,1020,0,1923,0,98136,47.5319,-122.391
215,3,1.75,1280,10016,1,FALSE,0,4,7,1280,0,1975,0,98003,47.2823,-122.333
320,4,2.25,2310,7490,2,FALSE,0,3,8,2310,0,1980,0,98055,47.4379,-122.192
185,3,1,1840,8100,1,FALSE,0,4,7,920,920,1953,0,98166,47.455,-122.35
550,5,2,2450,9488,1,FALSE,0,4,7,1240,1210,1900,1955,98133,47.7056,-122.34
700,4,2.5,2310,3570,1.5,FALSE,0,3,7,1490,820,1927,2014,98103,47.6889,-122.347
799.95,4,2.5,3320,7429,2,FALSE,0,3,9,3320,0,2014,0,98034,47.7189,-122.225
396,3,1,1390,6160,1,FALSE,0,4,7,1390,0,1949,0,98133,47.7289,-122.338
169,3,1.75,1720,9775,1,FALSE,0,3,8,1720,0,1978,0,98032,47.3731,-122.286
740,4,3.5,3060,4777,2,FALSE,0,3,9,3060,0,2007,0,98029,47.555,-122
289.95,3,2.5,1870,1436,2,FALSE,0,3,7,1870,0,2004,0,98059,47.4899,-122.166
855,4,2,2380,10800,2,FALSE,2,3,8,2380,0,1925,0,98118,47.5682,-122.275
395,4,2.75,2280,5013,2,FALSE,0,3,8,2280,0,2009,0,98019,47.7333,-121.976
206.135,3,1,1340,11070,1,FALSE,0,4,7,1340,0,1978,0,98030,47.3527,-122.178
515,5,3,2670,11761,1,FALSE,0,3,7,1370,1300,1981,0,98052,47.6895,-122.129
448,4,1.75,2560,8270,1,FALSE,0,3,7,1480,1080,1979,0,98072,47.7572,-122.147
625,3,1,1800,4800,1,FALSE,2,4,9,900,900,1927,0,98126,47.5672,-122.372
525,2,2.5,1160,1458,2,FALSE,0,3,8,1040,120,2012,0,98119,47.6384,-122.373
249,2,1.5,1090,2686,2,FALSE,0,3,7,1090,0,1982,0,98034,47.717,-122.19
217.5,3,1,1040,9750,1,FALSE,0,3,7,1040,0,1959,0,98188,47.4553,-122.274
500,4,2,2100,12620,1,FALSE,0,4,7,2100,0,1972,0,98034,47.7239,-122.173
480,4,2.5,2480,5100,2,FALSE,0,3,8,2480,0,2007,0,98019,47.7383,-121.969
603.5,3,1.75,2140,7280,1,FALSE,0,3,7,1070,1070,1910,0,98117,47.6993,-122.377
399,3,3,2240,10479,2,FALSE,0,4,7,1710,530,1950,0,98106,47.5529,-122.356
205,3,2.5,1600,7295,2,FALSE,0,2,7,1600,0,1993,0,98042,47.3904,-122.165
600,3,3.25,1690,1473,2,FALSE,0,3,8,1380,310,2008,0,98109,47.6397,-122.345
415,2,1,880,3200,1,FALSE,0,3,7,880,0,1910,1970,98199,47.6575,-122.402
280,3,2.5,1800,8697,2,FALSE,0,3,8,1800,0,1987,0,98023,47.3115,-122.4
484.998,4,2.5,1540,1870,2,FALSE,0,3,8,1540,0,2014,0,98029,47.5524,-121.999
470,4,2.75,2310,7350,1,FALSE,0,3,8,1670,640,1989,0,98011,47.7505,-122.182
555,4,2,1680,2600,1,FALSE,0,5,7,840,840,1915,0,98107,47.6648,-122.363
347,4,1.5,2670,10026,2,FALSE,0,3,8,2670,0,1996,0,98092,47.2659,-122.215
620,4,2.5,2130,9139,2,FALSE,0,3,9,2130,0,1988,0,98029,47.5648,-122.01
375,3,1,1190,9486,1,FALSE,0,4,7,1190,0,1953,0,98166,47.4319,-122.339
